ID,Título,Loose,CIB,New
63610,Gears 5,$8.97,$13.10,$8.97
37209,Xbox One Console - Gears of War 4 Limited Edition,$284.35,$432.70,$300.95
52120,Assassin's Creed Odyssey,$5.15,$10.89,$6.36
37420,Xbox One 1 TB White Console,$207.90,$499.99,
36610,Doom,$6.72,$15.11,$7.23
38051,Destiny 2,$4.13,$6.41,$4.94
63648,Borderlands 3,$5.11,$11.76,$7.84
35644,Borderlands: The Handsome Collection,$5.44,$13.75,$7.64
35772,Elder Scrolls Online: Tamriel Unlimited,$2.99,$4.80,$4.46
1100671,Xbox One X [Taco Bell Eclipse Edition],$250.00,$400.00,$468.10
35754,Witcher 3: Wild Hunt,$7.06,$19.73,$9.50
65593,Cuphead,$19.50,$26.00,$19.73
68558,Terminator Resistance,$29.16,$38.98,$33.50
3970229,500GB Xbox One Console - Master Chief Collection Bundle,$87.66,$195.00,$149.99
36514,Gears of War Ultimate Edition and Rare Replay,$9.99,$17.97,$10.08
53741,Fallout 76,$6.21,$7.85,$8.33
34577,Dead Rising 3,$5.93,$17.04,$6.61
35974,Forza Motorsport 6,$13.06,$37.55,$13.95
34910,Watch Dogs,$3.62,$8.32,$6.12
37144,Final Fantasy XV,$7.18,$10.88,$7.66
53739,Spyro Reignited Trilogy,$7.69,$13.76,$8.86
65427,Call of Duty: Modern Warfare [Dark Edition],$97.50,$360.63,$259.99
37207,Xbox One Console - Halo 5 Guardians Limited Edition,$180.00,$730.00,$245.17
36376,Xbox One Elite Wireless Controller,$53.49,$91.09,$74.14
37058,Minecraft: Story Mode Complete Adventure,$38.87,$76.85,$45.00
36169,Assassin's Creed Syndicate,$4.75,$10.00,$5.55
37052,Dragon Ball Xenoverse 2 [Day One],$7.72,$29.14,$7.88
35543,Forza Horizon 2,$16.73,$54.77,$18.09
35030,Destiny,$3.55,$8.25,$4.05
35099,Middle Earth: Shadow of Mordor,$2.99,$15.44,$3.86
35470,Dying Light,$6.29,$19.99,$7.19
39958,Forza Motorsport 7,$23.00,$38.50,$23.50
40240,Middle Earth: Shadow of War,$5.06,$7.04,$6.21
45694,Far Cry 5,$6.25,$13.37,$6.95
34573,Forza Motorsport 5,$7.06,$25.27,$9.56
36305,Just Cause 3,$5.48,$9.62,$5.57
35877,Gears of War Ultimate Edition,$8.32,$29.99,$9.27
37308,Ghost Recon Wildlands,$5.99,$15.97,$7.31
2754913,Call of Duty: Vanguard,$8.05,$11.49,$10.33
40478,Star Wars: Battlefront II,$5.99,$17.55,$7.75
46442,Xbox One S 1 TB Console [Minecraft Limited Edition],$170.21,$511.78,$349.00
36462,Mortal Kombat XL,$6.82,$14.94,$8.37
35976,NHL 16,$3.35,$7.98,$4.51
37116,Watch Dogs 2,$5.53,$12.83,$5.82
58277,Mortal Kombat 11,$7.73,$11.79,$7.87
38062,Call of Duty: Modern Warfare Remastered,$15.10,$25.00,$15.60
37337,Mass Effect Andromeda,$5.19,$7.51,$5.24
37578,Injustice 2,$4.63,$8.15,$5.23
35334,Dragon Age: Inquisition,$4.79,$9.99,$6.06
36258,Rise of the Tomb Raider,$6.00,$17.33,$7.95
36940,Killer Instinct: Definitive Edition,$31.48,$109.99,$32.25
34576,Ryse: Son of Rome,$4.22,$15.00,$6.12
63939,Baldur's Gate 1 & 2 Enhanced Edition,$52.70,$81.00,$62.47
65274,WWE 2K20,$9.83,$15.25,$10.23
36975,Mafia III,$6.71,$14.68,$7.37
54056,Kingdom Hearts III,$6.79,$12.97,$8.99
35544,Sunset Overdrive,$5.25,$10.95,$5.83
40568,Xbox One X 1TB Console [Project Scorpio Edition],$142.50,$486.49,$177.38
35043,NHL 15,$4.14,$9.98,$4.33
153007,Bully Scholarship Edition,$13.12,$17.98,$17.26
34575,Battlefield 4,$5.30,$13.99,$6.12
35929,Mad Max,$8.70,$24.49,$10.98
98561,Xbox One X [Gears of War 5 Limited Edition],$235.12,$377.91,$313.02
39634,NBA 2K18,$4.51,$8.31,$5.19
36628,Teenage Mutant Ninja Turtles Mutants in Manhattan,$26.33,$58.99,$26.99
37225,Resident Evil 7 Biohazard,$7.90,$17.74,$9.00
36634,Overwatch Origins Edition,$3.39,$19.99,$4.65
45072,Resident Evil 7 Biohazard [Collector's Edition],$450.00,$779.99,$492.87
40364,Wolfenstein II: The New Colossus,$5.01,$10.00,$7.00
54044,Resident Evil 2,$11.06,$22.33,$12.49
47056,Crash Bandicoot N. Sane Trilogy,$10.00,$16.49,$10.65
50186,NBA 2K19,$4.51,$5.39,$4.99
36521,Quantum Break,$7.25,$19.99,$7.28
40291,South Park: The Fractured But Whole,$6.05,$11.57,$6.48
35786,Payday 2: Crimewave,$5.97,$13.74,$8.08
35163,The Evil Within,$7.15,$19.99,$7.47
36442,Far Cry Primal,$6.88,$14.21,$7.45
2529408,Grand Theft Auto San Andreas,$13.27,$19.99,$13.79
35880,Madden NFL 16,$3.43,$7.39,$3.86
36764,Madden NFL 17,$4.14,$6.55,$4.60
36095,Transformers: Devastation,$18.64,$22.47,$20.00
35134,Alien: Isolation,$11.34,$23.79,$15.00
35615,Battlefield Hardline,$4.82,$10.00,$4.99
36949,NBA 2K17,$3.18,$5.40,$3.89
36910,BioShock The Collection,$11.00,$22.99,$11.98
37155,Dead Rising 4,$7.93,$19.99,$9.96
35000,Diablo III Reaper of Souls [Ultimate Evil Edition],$6.88,$20.58,$8.22
71847,Red Dead Redemption [Game of the Year],$14.39,$32.35,$19.23
54484,Jump Force,$11.71,$19.99,$11.72
49638,Madden NFL 19,$4.15,$5.80,$4.75
44950,Monster Hunter: World,$6.82,$11.99,$7.99
58029,Sekiro: Shadows Die Twice,$23.89,$33.67,$26.38
35875,Dishonored [Definitive Edition],$8.76,$14.99,$9.99
62497,Madden NFL 20,$4.84,$6.98,$4.90
45197,Sea of Thieves,$10.35,$19.99,$13.02
38628,Madden NFL 18,$3.44,$6.03,$3.55
40409,Xbox One Halo 5 Green Wireless Controller,$80.32,$267.50,$108.92
39918,Fallout 4 [Game of the Year],$18.80,$35.34,$19.99
53730,Fortnite: Deep Freeze,$9.62,$72.99,$10.00
40274,Friday the 13th,$9.99,$22.74,$10.46
36223,Need for Speed,$6.45,$16.00,$8.39
54017,Xbox One 1 TB Elite Console,$279.60,$495.00,$321.54
36014,NBA 2K16,$3.58,$11.00,$4.60
35239,NBA Live 15,$2.69,$6.12,$5.08
35545,Call of Duty Advanced Warfare [Day Zero],$6.76,$15.40,$7.37
59625,Xbox One Black S Wireless Controller,$20.00,$43.50,$36.03
37274,Halo Wars 2,$10.00,$19.99,$12.20
37148,Final Fantasy XV [Ultimate Collector's Edition],$193.65,$280.00,$215.38
40549,Need for Speed Payback,$6.33,$12.82,$7.67
36624,Xbox One 1 TB Black Console,$84.50,$267.00,$205.40
36713,Rocket League Collector's Edition,$5.72,$19.00,$6.48
53692,World of Final Fantasy Maxima,$8.71,$12.16,$9.00
54490,Far Cry: New Dawn,$6.50,$15.02,$7.29
37202,Assassin's Creed: Unity [Limited Edition],$3.31,$10.50,$5.01
36204,Halo 5 Guardians [Limited Edition],$19.95,$50.47,$20.00
36457,Plants vs. Zombies: Garden Warfare 2,$5.09,$13.47,$6.42
2245289,Fallout 3 [Game of the Year Edition],$16.97,$32.97,$17.99
2290622,Madden NFL 22,$3.62,$7.99,$4.25
36111,Minecraft: Story Mode Season Pass,$11.99,$28.00,$11.99
39965,Minecraft: Story Mode Season Two,$33.61,$40.06,$34.99
36781,Ori and the Blind Forest Definitive Edition,$16.83,$43.49,$19.99
40267,WWE 2K18,$7.48,$11.99,$7.48
35262,Xbox One Console - Call of Duty Advanced Warfare Limited Edition,$79.81,$491.81,$193.49
35550,Evolve,$4.38,$7.80,$4.75
35085,Killer Instinct: Combo Breaker Pack,$11.33,$17.02,$11.86
36089,Rock Band 4,$14.95,$20.98,$15.50
34574,Assassin's Creed IV: Black Flag,$7.75,$24.05,$8.22
37305,LEGO Worlds,$4.32,$8.20,$5.93
36079,Tony Hawk 5,$8.71,$15.48,$8.73
35969,Destiny: The Taken King Legendary Edition,$4.22,$12.10,$5.49
37438,Dishonored 2,$4.42,$7.74,$5.48
34793,LEGO Marvel Super Heroes,$6.74,$12.32,$7.07
40273,The Evil Within 2,$5.00,$8.54,$6.04
45194,Attack on Titan 2,$24.66,$35.00,$25.49
35540,Far Cry 4 [Limited Edition],$5.11,$14.50,$6.23
36796,Resident Evil 4,$11.63,$23.99,$13.09
36770,Deus Ex: Mankind Divided,$4.60,$6.00,$5.60
35776,LEGO Jurassic World,$5.00,$10.90,$6.21
34702,Plants vs. Zombies: Garden Warfare,$5.04,$10.40,$5.43
34884,Wolfenstein: The New Order,$6.50,$9.64,$6.73
37018,Battlefield 1 [Early Enlister Deluxe Edition],$5.06,$8.25,$5.71
45701,Injustice 2 [Legendary Edition],$7.70,$14.22,$8.27
155172,Marvel Avengers,$5.54,$12.00,$8.10
66767,Xbox One X019 Controller,$149.64,$209.50,$161.15
69280,Doom Eternal,$10.00,$11.71,$11.45
152956,Madden NFL 21,$3.60,$6.98,$3.70
34656,Tomb Raider: Definitive Edition,$11.27,$23.47,$11.93
36527,Dark Souls III,$10.58,$16.68,$10.66
55830,Devil May Cry 5,$9.00,$13.52,$10.39
34939,UFC,$5.65,$13.49,$7.00
2515730,Xbox One Gears of War 4 Elite Controller,$361.50,$635.79,$437.09
64697,Ghost Recon Breakpoint,$5.60,$10.39,$7.65
54480,Metro Exodus,$7.89,$18.76,$9.85
35143,NBA 2K15,$5.51,$16.74,$5.65
37021,Batman: Return to Arkham,$11.29,$24.99,$11.70
46444,State of Decay 2,$12.16,$26.18,$13.99
37573,Dragon Ball Xenoverse 2,$6.92,$10.83,$7.96
70224,Resident Evil 3,$15.86,$23.49,$16.31
155160,Tony Hawk's Pro Skater 1 and 2,$10.06,$11.25,$10.54
58189,World War Z,$7.50,$10.88,$8.52
61875,Xbox One S 1 TB Console - Fortnite Battle Royale Special Edition Bundle,$259.53,$660.62,$313.45
45198,Xbox One Sea of Thieves Wireless Controller,$145.00,$866.02,$250.00
67533,Dragon Ball Z: Kakarot,$8.72,$14.95,$8.99
35344,Far Cry 4,$5.53,$14.43,$6.32
2531738,LEGO Dimensions,$11.40,$18.58,$11.70
36689,LEGO Star Wars The Force Awakens,$4.00,$12.99,$6.45
37472,Prey,$5.09,$10.31,$7.99
40408,Xbox One Halo 5 Silver Wireless Controller,$42.00,$105.79,$65.22
72812,Xbox One X [Cyberpunk 2077 Edition],$267.45,$477.65,$354.99
39069,Ark Survival Evolved,$7.48,$16.00,$8.00
53747,Battlefield V,$3.90,$9.56,$6.40
37260,Lords of the Fallen [Limited Edition],$6.99,$16.87,$8.74
35007,Madden NFL 15,$3.95,$11.04,$4.99
36093,Rock Band 4 [Band-in-a-Box Bundle],$358.19,$650.00,$499.99
65510,Need for Speed Heat,$9.81,$14.24,$10.00
55835,Tom Clancy's The Division 2,$4.76,$9.24,$5.29
2158415,Xbox One S 1 TB Battlefield 1 Special Edition Military Green,$117.50,$199.43,$175.00
35292,Assassin's Creed: Unity,$5.04,$13.97,$6.89
36425,Battleborn,$2.38,$4.75,$2.99
50234,Shadow of The Tomb Raider,$9.84,$13.25,$9.97
35242,Sunset Overdrive [Day One],$6.04,$14.71,$7.77
40410,Xbox One 500 GB White Console,$99.99,$187.00,$143.72
34742,Xbox One Console - Titanfall Limited Edition,$63.96,$275.00,$122.47
54984,Anthem,$3.19,$7.04,$4.37
36801,Attack on Titan,$15.29,$47.50,$20.74
37261,For Honor,$4.57,$6.95,$5.62
47092,Mega Man X Legacy Collection 1 + 2,$16.01,$20.00,$16.99
63602,NBA 2K20,$4.48,$7.37,$4.75
2549613,Skylanders Imaginators,$16.20,$29.99,$18.16
53804,Darksiders III,$6.24,$11.77,$6.24
37734,Elder Scrolls Online: Morrowind,$4.15,$6.46,$4.31
36953,FIFA 17,$3.64,$6.22,$3.65
34571,Madden NFL 25,$9.20,$52.01,$13.65
37422,Outlast Trinity,$13.61,$20.97,$16.42
37210,Xbox One White Wireless Controller,$22.43,$54.97,$39.95
36137,Guitar Hero Live [2 Pack Bundle],$180.00,$320.10,$189.98
3923590,Madden NFL 23,$5.75,$10.70,$8.99
36452,Mirror's Edge Catalyst,$5.06,$8.08,$5.27
36778,Resident Evil 5,$14.16,$25.56,$14.49
3978637,Sea Of Thieves [Ferryman Code],$607.14,$850.00,$653.85
44963,UFC 3,$5.99,$13.23,$6.99
36205,Halo 5 Guardians [Limited Collector's Edition],$99.26,$172.71,$100.51
1999433,MLB The Show 21,$7.66,$11.00,$7.75
36003,FIFA 16,$2.99,$9.53,$5.00
36413,LEGO Marvel's Avengers,$5.00,$9.95,$5.97
36923,NASCAR Heat Evolution,$7.22,$17.36,$9.00
50133,Naruto to Boruto: Shinobi Striker,$6.99,$8.15,$7.40
34945,Transformers: Rise of the Dark Spark,$30.00,$57.57,$40.63
2021476,Grand Theft Auto IV,$15.94,$53.74,$30.58
36141,Guitar Hero Live Bundle,$10.52,$131.85,$12.46
65150,Indivisible,$9.53,$15.67,$9.56
35933,Metal Gear Solid V: The Phantom Pain [Day One],$7.64,$15.37,$8.00
155165,NBA 2K21,$4.78,$7.00,$5.48
35937,Metal Gear Solid V: The Phantom Pain,$6.43,$9.00,$7.00
36379,Resident Evil Origins Collection,$14.97,$23.27,$15.75
44943,Dragon Ball FighterZ,$9.99,$16.31,$10.68
1935108,Mass Effect Legendary Edition,$8.00,$10.63,$10.00
40524,The Sims 4,$5.95,$8.97,$6.84
5091736,Fortnite [Storm Master Weapon Pack DLC],$384.12,$537.77,$413.67
36073,LEGO Dimensions Starter Pack,$10.00,$117.46,$12.95
35016,Metro Redux,$8.11,$21.74,$11.24
65429,The Outer Worlds,$8.41,$10.00,$8.50
36983,WWE 2K17,$8.45,$16.99,$8.48
34599,Need for Speed Rivals,$5.99,$12.98,$6.57
35630,Resident Evil Revelations 2,$8.53,$18.95,$10.00
67774,Guitar Hero Live [Game Only],$7.67,$19.00,$14.98
36693,7 Days to Die,$12.97,$54.97,$13.88
45679,Bioshock [10th Anniversary],$337.40,$389.71,$453.43
37224,Destiny The Collection,$7.28,$34.94,$8.02
35624,Final Fantasy Type-0 HD,$6.99,$8.29,$7.81
36275,Star Wars Battlefront [Deluxe Edition],$4.26,$15.18,$4.50
65573,Xbox Elite Series 2,$54.99,$119.95,$87.40
36632,Overwatch [Collector's Edition],$50.00,$120.01,$75.84
37715,Tekken 7,$11.83,$21.30,$11.99
34561,Xbox One 500 GB Black Console with Kinect,$79.99,$275.00,$100.00
63644,Xbox One S All Digital,$95.12,$103.53,$207.30
2787398,Battlefield 2042,$7.87,$9.25,$8.24
59596,Crash Team Racing: Nitro Fueled,$11.08,$15.50,$11.87
36990,Gears of War 4 [Ultimate Edition],$20.00,$80.00,$21.07
40495,L.A. Noire,$12.78,$16.66,$12.83
40489,LEGO Marvel Super Heroes 2,$6.23,$14.98,$8.63
36908,ReCore,$7.59,$10.05,$7.97
63134,Control,$7.90,$10.71,$9.81
36809,Elder Scrolls Online Gold Edition,$3.54,$10.82,$5.44
36618,Homefront The Revolution,$6.62,$10.00,$7.48
39652,Marvel vs Capcom: Infinite,$12.06,$17.68,$13.40
45776,Xbox One Halo Wars 2 Banished Wired Controller,,,
36123,Back to the Future: The Game 30th Anniversary,$28.43,$64.99,$30.34
36488,Dying Light The Following Enhanced Edition,$7.83,$14.00,$8.94
34799,Kinect Sports Rivals,$9.99,$22.31,$9.99
3564113,The Quarry,$9.99,$11.00,$14.99
35670,Dark Souls II: Scholar of the First Sin,$12.47,$20.00,$12.79
161203,Minecraft Dungeons [Hero Edition],$10.76,$14.54,$12.49
36433,Naruto Shippuden Ultimate Ninja Storm 4,$6.74,$16.34,$9.00
34562,Xbox One Black Wireless Controller,$20.03,$32.07,$26.44
53772,Bendy and the Ink Machine,$11.07,$23.82,$11.62
36285,The Crew Wild Run Edition,$7.18,$11.97,$7.19
45771,Xbox One Dusk Shadow Wireless Controller,$29.99,$78.00,$60.00
45687,A Way Out,$14.89,$24.64,$14.99
36991,Gears of War 4 [Collector's Edition],$80.30,$183.13,$115.69
42302,Hello Neighbor,$5.95,$10.04,$6.50
52712,LEGO Harry Potter Collection,$10.07,$13.84,$10.72
160855,Star Wars: Squadrons,$4.59,$7.98,$5.49
52125,WWE 2K19,$8.99,$20.35,$10.20
37212,Xbox One Armed Forces Controller,$21.98,$45.00,$34.98
35263,Xbox One Call of Duty Advanced Warfare Wireless Controller,$37.47,$98.99,$74.99
38564,Agents of Mayhem,$3.91,$5.77,$5.09
52659,Dark Souls Trilogy,$36.99,$107.91,$92.29
35465,Saints Row IV: Re-Elected & Gat Out of Hell,$9.14,$40.45,$10.08
2978657,Sonic Colors Ultimate,$8.95,$11.89,$9.16
52655,Soul Calibur VI,$10.00,$11.16,$11.05
53940,Xbox One X 1 TB White Console,$331.44,$410.00,$347.50
72020,Maneater,$7.75,$10.07,$9.80
37091,Pac-Man Championship Edition 2 + Arcade Game Series,$6.68,$12.00,$8.82
58403,Rage 2,$3.71,$7.98,$4.71
34739,Titanfall [Collector's Edition],$51.51,$450.00,$299.99
36638,Dead Island Definitive Edition,$8.74,$34.83,$16.99
35289,Dead Rising 3 [Apocalypse Edition],$5.95,$32.94,$8.90
50750,FIFA 19,$4.32,$5.26,$4.91
36643,Life Is Strange,$14.06,$27.04,$16.56
36672,Minecraft Favorites Pack,$14.48,$22.36,$16.46
37370,Prototype Biohazard Bundle,$33.97,$49.59,$34.98
39961,The Hunter: Call of the Wild,$27.60,$40.60,$29.46
3305946,Tiny Tina's Wonderlands,$10.00,$11.94,$11.99
54473,Crackdown 3,$6.40,$10.15,$7.45
36530,Dark Souls III [Collector's Edition],$92.72,$297.42,$206.25
35235,Lords of the Fallen,$5.87,$15.95,$6.38
40371,Assassin's Creed: Origins [Legendary Edition],$858.60,"$1,202.04",$924.65
37109,Dishonored 2 [Limited Edition],$3.06,$8.99,$3.75
35654,Dragon Ball Xenoverse,$7.49,$17.91,$8.02
5404587,Grand Theft Auto IV [Complete Edition],$65.00,$139.99,$91.86
404428,Immortals Fenyx Rising,$6.18,$8.79,$6.37
50185,NHL 19,$3.71,$6.00,$4.59
34570,NBA 2K14,$8.19,$19.87,$9.73
47067,Sonic Mania Plus,$11.22,$23.99,$12.22
34707,Thief,$4.90,$12.59,$5.95
36505,UFC 2,$6.25,$12.48,$6.69
35646,Borderlands: The Handsome Collection [Claptrap-in-a-Box],$212.52,$300.00,$242.35
37273,Halo Wars 2 Ultimate Edition,$19.31,$55.00,$19.99
47029,Jurassic World Evolution,$14.04,$32.81,$14.50
36901,NHL 17,$2.94,$5.02,$3.36
45751,PlayerUnknown's Battlegrounds,$4.72,$10.40,$6.73
35391,The Crew,$4.90,$11.38,$5.45
70992,Dead by Daylight [Nightmare Edition],$21.94,$50.30,$24.99
4016319,Grand Theft Auto: Episodes From Liberty City,$24.99,$142.49,$49.95
45772,Xbox One Copper Shadow Wireless Controller,$41.67,$75.00,$57.39
47095,No Man's Sky,$22.47,$47.45,$23.93
35096,Forza Horizon 2 [Day One],$19.24,$50.00,$19.48
63672,GreedFall,$6.00,$16.04,$9.95
49641,We Happy Few,$5.12,$7.46,$6.67
37214,Xbox One Gears of War 4 Wireless Controller,$67.69,$124.99,$82.15
45763,Xbox One Lunar White Wireless Controller,$27.69,$107.23,$64.99
53897,Diablo III Eternal Collection,$10.00,$12.24,$10.69
39926,FIFA 18,$3.65,$6.17,$5.90
37211,Xbox One Dawn Shadow Wireless Controller,$66.81,$100.00,$77.11
35653,Dragon Ball Xenoverse [Day One],$6.00,$27.08,$7.50
37059,Farming Simulator 17,$6.29,$12.86,$6.46
37339,Mass Effect Andromeda [Deluxe Edition],$4.98,$16.43,$5.99
59663,The Sinking City,$11.79,$18.71,$13.89
45768,Xbox One Midnight Forces Wireless Controller,$24.50,$82.50,$29.35
45766,Xbox One Blue Wireless Controller,$29.07,$47.49,$39.15
36253,Fallout 4 Pip-Boy Edition,$7.95,$222.28,$128.04
37213,Xbox One Covert Forces Wireless Controller,$22.99,$39.99,$28.60
34856,Battlefield 4 [Limited Edition],$9.99,$21.00,$16.34
36916,Dead Rising,$11.39,$39.99,$16.28
38629,Madden NFL 18 [GOAT Edition],$5.80,$27.23,$7.28
35201,Shadow Warrior,$8.31,$13.04,$9.10
34968,Sniper Elite III,$9.94,$17.80,$12.20
35397,Terraria,$6.99,$9.79,$7.52
50147,Destiny 2 Forsaken Legendary Collection,$5.99,$8.96,$6.51
34804,LEGO The Hobbit,$10.24,$18.87,$12.47
36767,Madden NFL 17 Deluxe Edition,$5.67,$12.00,$9.32
51987,Mega Man 11,$7.69,$13.97,$8.18
36779,Resident Evil 6,$11.80,$20.00,$11.86
2549615,Skylanders Trap Team,$22.81,$64.34,$24.33
45748,Xbox One Gears of War 4 JD Fenix Wireless Controller,$65.00,$91.00,$69.98
49770,Alien: Isolation [Nostromo Edition],$17.97,$47.86,$19.98
36961,Dead Rising 2,$10.89,$33.99,$11.99
36965,Forza Horizon 3 Ultimate,$22.22,$101.40,$38.31
67788,Trine 4: The Nightmare Prince,$6.70,$9.00,$7.65
34668,LEGO Movie Videogame,$5.24,$9.99,$6.38
42381,ReCore Definitive Edition,$21.32,$82.72,$62.52
63207,Xbox One Combat Tech Wireless Controller,$37.99,$69.50,$40.67
51995,Forza Horizon 4 Ultimate Edition,$36.47,$62.32,$39.98
35304,LEGO Batman 3: Beyond Gotham,$6.23,$14.58,$7.25
45770,Xbox One Ocean Shadow Wireless Controller,$33.75,$108.00,$83.10
36133,Adventure Time: Finn and Jake Investigations,$7.41,$17.50,$10.00
45064,Call of Duty Black Ops III [Zombie Chronicles],$13.99,$38.86,$17.99
35705,State of Decay: Year-One Survival Edition,$9.95,$22.98,$10.61
63931,FIFA 20,$4.99,$6.16,$5.14
36646,Life Is Strange [Limited Edition],$18.52,$121.76,$33.04
42303,Resident Evil 7 Biohazard [Gold Edition],$10.86,$21.50,$11.99
58246,Xbox One Project Scorpio Controller,$55.07,$81.14,$59.99
37124,Assassin's Creed The Ezio Collection,$11.97,$20.00,$12.26
38052,Destiny 2 Collector's Edition,$30.99,$158.16,$32.44
35039,Destiny [Ghost Edition],$36.99,$239.53,$165.25
52159,LEGO DC Super Villains,$9.00,$12.99,$10.46
36448,Mega Man Legacy Collection,$9.50,$19.08,$10.45
46395,Xbox One 2 TB White Console,$140.00,$274.00,$195.71
35295,Assassin's Creed: Unity [Collector's Edition],$49.99,$69.99,$67.85
37795,Dead by Daylight,$12.34,$24.40,$14.49
59656,Samurai Shodown,$13.16,$16.21,$14.83
49696,Shenmue I & II,$12.11,$23.42,$13.50
68650,Xbox One Fortnite Controller,$146.09,$204.53,$157.33
37418,Dark Souls III: The Fire Fades Edition,$13.53,$22.38,$14.96
67406,Doom Slayers Collection,$11.99,$19.12,$14.47
38532,Mega Man Legacy Collection 2,$7.99,$15.85,$10.86
47022,The Crew 2,$6.88,$13.53,$8.40
35179,The Walking Dead [Game of the Year],$8.47,$12.99,$8.97
45774,Xbox One Titanfall Wireless Controller,$52.24,$167.49,$65.97
53994,Ace Combat 7 Skies Unknown,$12.99,$20.54,$15.90
36772,Deus Ex: Mankind Divided [Collector's Edition],$18.49,$60.00,$19.97
35363,Monopoly Family Fun Pack,$7.93,$13.77,$7.95
69031,Ori and the Will of the Wisps,$14.72,$29.78,$15.71
35711,Project Cars,$5.35,$11.45,$6.93
46953,Vampyr,$7.74,$14.97,$8.99
66768,Xbox One Grey & Blue Controller,$34.71,$50.69,$38.00
47104,Banner Saga Trilogy,$9.93,$14.51,$9.99
37272,Sniper Elite 4,$16.78,$28.70,$17.46
37387,Stardew Valley Collector's Edition,$17.92,$39.99,$22.29
37430,Syberia 3,$5.52,$7.69,$7.27
63137,Wreckfest,$9.94,$16.99,$10.48
53767,Farming Simulator 19,$7.05,$15.35,$8.99
38639,Naruto Shippuden: Ultimate Ninja Storm Legacy,$30.00,$134.55,$62.43
37283,The Walking Dead: A New Frontier,$6.99,$7.19,$17.00
45765,Xbox One Red Wireless Controller,$20.35,$59.12,$31.94
34610,Angry Birds: Star Wars,$12.92,$19.16,$13.90
46416,Conan Exiles,$15.87,$28.99,$16.46
46452,Dark Souls Remastered,$16.00,$22.79,$16.40
36611,Doom Collector's Edition,$34.43,$122.68,$53.06
35751,Farming Simulator 15,$7.41,$11.99,$7.62
34596,NBA Live 14,$4.88,$7.00,$5.29
38559,Sonic Mania [Collector's Edition],$36.00,$53.00,$36.02
40449,Super Lucky's Tale,$5.95,$12.90,$7.35
45761,Xbox One Gray & Green Wireless Controller,$26.49,$56.90,$33.47
67435,Slay the Spire,$11.27,$16.72,$13.63
35070,FIFA 15,$3.42,$9.93,$3.64
39074,Resident Evil Revelations,$14.00,$24.99,$14.92
35279,Rocksmith 2014 Edition,$21.99,$64.71,$24.99
35288,Ryse: Son of Rome [Legendary Edition],$7.15,$26.98,$10.31
34816,Trials Fusion,$5.40,$11.65,$6.46
38632,Wolfenstein The New Order and The Old Blood,$9.75,$16.98,$9.98
34794,Skylanders Swap Force: Starter Pack,$29.99,$110.00,$94.66
40445,Sonic Forces,$8.45,$17.66,$9.91
37833,Valkyria Revolution,$6.75,$11.37,$9.99
35756,Witcher 3: Wild Hunt [Collector's Edition],$344.09,$525.00,$360.13
53720,Hitman 2,$7.71,$11.99,$8.95
35681,Mortal Kombat X [Kollector's Edition Amazon Exclusive],$135.81,$190.13,$146.25
35825,Zombie Army Trilogy,$12.97,$42.11,$17.99
53823,Just Cause 4,$6.34,$11.95,$6.41
45069,Metal Gear Survive,$7.24,$11.75,$7.44
45769,Xbox One Volcano Shadow Wireless Controller,$37.89,$105.56,$42.04
58401,A Plague Tale: Innocence,$18.84,$34.97,$19.98
52700,Call of Cthulhu,$10.71,$18.38,$13.49
36429,Mighty No. 9,$3.84,$7.07,$4.19
68826,Xbox One Sport Red Controller,$22.72,$65.69,$39.95
45767,Xbox One Winter Forces Wireless Controller,$26.45,$79.48,$39.99
45142,Xbox One Minecraft Creeper Wireless Controller,$47.48,$120.00,$57.53
68746,Bayonetta & Vanquish 10th Anniversary Bundle,$21.88,$21.61,$24.91
35558,Dead or Alive 5 Last Round,$16.98,$43.42,$19.75
38531,Sine Mora EX,$5.16,$8.88,$6.78
45775,Xbox One Forza 6 Wireless Controller,$55.00,$91.25,$85.00
63929,Code Vein,$7.82,$9.99,$8.68
37240,Hitman The Complete First Season,$8.62,$23.99,$9.91
46988,LEGO The Incredibles,$7.37,$14.53,$8.67
39656,Marvel vs Capcom: Infinite Collector's Edition,$28.04,$90.99,$32.25
35597,ScreamRide,$7.31,$10.33,$7.95
35123,Skylanders Trap Team: Starter Pack,$7.11,$172.33,$122.50
37150,Steep,$5.74,$11.45,$7.09
46485,Street Fighter 30th Anniversary Collection,$14.43,$27.59,$15.99
35187,Fantasia: Music Evolved,$4.75,$6.74,$5.51
45773,Xbox One Patrol Tech Wireless Controller,$23.99,$91.00,$70.00
52690,Call of Duty Black Ops III [Hardened Edition],$26.49,$60.00,$29.99
34791,FIFA 14,$4.39,$14.34,$5.99
37100,Geometry Wars 3: Dimensions Evolved,$5.99,$8.38,$6.00
36721,Ghostbusters,$8.45,$14.99,$9.25
42307,Okami HD,$11.08,$20.67,$11.99
35175,Sleeping Dogs: Definitive Edition,$15.71,$30.23,$16.74
36208,WWE 2K16,$8.50,$26.47,$8.94
45762,Xbox One Green & Orange Wireless Controller,$53.94,$78.00,$60.00
63252,Dark Pictures Anthology: Man of Medan,$9.83,$16.25,$9.89
39066,Killing Floor 2,$15.99,$24.69,$18.99
34751,Metal Gear Solid V: Ground Zeroes,$6.98,$19.81,$9.02
36639,One Piece Burning Blood,$10.91,$29.49,$12.58
35144,Project Spark,$5.15,$9.97,$6.44
35207,The Walking Dead: Season Two,$7.28,$9.99,$8.13
35371,WWE 2K15,$6.83,$22.16,$8.06
36973,Warhammer The End Times Vermintide,$5.63,$13.78,$8.12
35821,Wolfenstein: The Old Blood,$9.13,$14.99,$9.78
37721,Xbox One Black Wired Controller,$16.43,$23.00,$17.70
35793,Batman: Arkham Knight [Limited Edition],$44.98,$62.97,$63.50
36913,Batman: The Telltale Series,$8.97,$12.00,$8.99
36287,Game of Thrones A Telltale Games Series,$24.95,$50.04,$25.24
37469,Guardians of the Galaxy: The Telltale Series,$9.46,$18.35,$9.50
39619,Inside Limbo Double Pack,$14.00,$20.52,$14.00
39624,NASCAR Heat 2,$8.49,$16.78,$8.68
66973,Shovel Knight Treasure Trove,$15.43,$24.63,$20.19
34721,Zoo Tycoon,$6.11,$11.32,$7.85
63163,Call of Duty World at War,$17.50,$34.66,$24.94
67800,Close to the Sun,$7.60,$15.62,$10.88
45727,Extinction,$4.84,$6.76,$5.80
52145,Minecraft Master Collection,$14.28,$28.75,$16.99
65344,NHL 20,$4.62,$5.82,$5.73
40239,Raid: World War II,$5.84,$9.28,$8.50
37131,Star Wars Battlefront [Ultimate Edition],$6.66,$16.57,$6.66
52175,Starlink: Battle for Atlas [Starter Pack],$5.82,$21.00,$15.99
36520,Assassin's Creed Chronicles,$12.25,$18.00,$14.16
59665,Car Mechanic Simulator,$22.00,$26.31,$23.26
39959,Forza Motorsport 7 [Ultimate Edition],$43.99,$119.96,$55.00
37804,Micro Machines World Series,$4.26,$5.97,$5.52
40390,MudRunner,$10.00,$18.98,$12.73
34923,Murdered: Soul Suspect,$6.15,$11.00,$6.48
34694,Rayman Legends,$7.00,$15.99,$8.99
40477,Star Wars: Battlefront II [Elite Trooper Deluxe Edition],$7.77,$43.51,$9.13
37755,Cars 3 Driven to Win,$8.20,$14.00,$9.69
35599,DMC: Devil May Cry [Definitive Edition],$8.88,$17.75,$10.20
45128,Devil May Cry HD Collection,$17.63,$34.75,$18.00
52669,Paw Patrol on a Roll,$8.75,$15.20,$10.00
35111,Sherlock Holmes: Crimes & Punishments,$7.62,$20.36,$10.60
45747,Xbox One Recon Tech Wireless Controller,$67.39,$94.35,$67.39
65045,Ghostbusters: The Video Game Remastered,$9.30,$14.25,$13.14
37581,Injustice 2 Ultimate Edition,$11.20,$29.99,$11.71
67236,NASCAR Heat 4,$8.07,$11.99,$8.96
55792,RBI Baseball 19,$7.37,$13.14,$7.37
52706,8 to Glory,$5.26,$7.74,$9.37
50752,8-Bit Armies,$8.61,$12.06,$10.95
54477,8-Bit Armies [Limited Edition],$23.04,$36.46,$23.05
4768852,8BitDo Media Remote,$17.48,$24.73,$20.10
5571338,8BitDo Ultimate Wired Controller [Black],,$47.99,
5571339,8BitDo Ultimate Wired Controller [White],$32.18,$42.99,
3667265,AI: The Somnium Files: Nirvana Initiative,$16.31,$22.40,$22.03
3667266,AI: The Somnium Files: Nirvana Initiative [Collector's Edition],$47.20,$87.07,$123.84
161846,AO Tennis 2,$15.00,$39.99,$17.28
53766,ATV Drift & Tricks [Definitive Edition],$7.99,$24.98,$10.79
37415,ATV Renegades,$7.99,$22.63,$9.97
69366,AVICII Invector,$4.82,$7.56,$5.54
37243,Abzu,$12.99,$24.56,$12.99
54997,Aces of The Luftwaffe Squadron,$6.74,$13.45,$9.61
2021465,Adam's Venture Origins,$12.85,$17.99,$13.84
47070,Adventure Time: Pirates of the Enchiridion,$7.53,$13.95,$12.62
38065,Aerea Collector's Edition,$13.81,$17.95,
6643658,Afterglow Level 1 Headset,,,
5571288,Afterglow Wired Controller,$21.32,$25.67,$21.38
36783,Agatha Christie: The ABC Murders,$9.83,$18.68,$10.44
62487,Age of Wonders: Planetfall,$12.32,$23.78,$13.96
46492,Agony,$8.50,$29.64,$10.69
4225300,Airoheart,$43.34,$45.25,
36247,Alekhine's Gun,$5.24,$9.56,$5.59
6330681,Amazing Spiderman 2 [Walmart],$45.97,$99.99,$49.67
40439,America's Greatest Game Shows: Wheel of Fortune & Jeopardy,$11.87,$15.04,$12.00
57983,American Ninja Warrior,$7.86,$15.00,$7.86
58546,Among the Sleep [Enhanced Edition],$21.74,$34.43,$25.00
54986,Anthem [Legion of Dawn Edition],$5.36,$7.45,$6.17
69311,Apex Legends [Bloodhound Edition],$8.42,$17.49,$8.50
69312,Apex Legends [Lifeline Edition],$6.00,$10.70,$6.95
2993838,Ark Survival Evolved [Collector's Edition],$200.00,$250.00,$229.98
39070,Ark Survival Evolved [Explorer's Edition],$10.93,$34.99,$20.10
36786,Arslan The Warriors of Legend,$13.75,$26.17,$14.47
155094,Ary and the Secret of Seasons,$8.39,$12.49,$8.92
58082,Assassin's Creed III Remastered,$14.91,$25.00,$15.48
161038,Assassin's Creed IV: Black Flag [Gamestop Edition],$14.98,$20.00,$15.19
63140,Assassin's Creed IV: Black Flag [Limited Edition],$49.64,$128.99,$89.36
4199914,Assassin's Creed IV: Black Flag [Special Edition],$8.87,$15.00,$11.31
98591,Assassin's Creed IV: Black Flag [Target Edition],$13.99,$27.99,$17.68
2369930,Assassin's Creed IV: Black Flag [Walmart Edition],$8.14,$69.41,$10.18
52121,Assassin's Creed Odyssey [Deluxe Edition],$9.65,$32.14,$10.99
51997,Assassin's Creed Odyssey [Gold Edition],$22.07,$56.44,$22.49
7491570,Assassin's Creed Origins [Greatest Hits],,,
7491335,Assassin's Creed Revelations [Greatest Hits],,,
65253,Assassin's Creed Rogue Remastered,$13.85,$20.21,$18.00
7376901,Assassin's Creed Rogue Remastered [Greatest Hits],,,
141494,Assassin's Creed Syndicate [Charing Cross Edition],$75.55,$113.00,$86.88
36171,Assassin's Creed Syndicate [Gold Edition],$9.95,$32.16,$10.00
7268106,Assassin's Creed Syndicate [Greatest Hits],,,
7268078,Assassin's Creed Unity [Greatest Hits],,,
46982,Assassin's Creed: Origins Dawn of the Creed Collector's Edition,$158.74,$225.36,$179.99
40370,Assassin's Creed: Origins Gods [Collector's Edition],$102.03,$262.20,$187.29
40368,Assassin's Creed: Origins [Deluxe Edition],$8.78,$25.91,$9.99
40369,Assassin's Creed: Origins [Gold Edition],$21.81,$91.68,$34.99
161169,Assassin's Creed: Syndicate [Limited Edition],$6.99,$11.39,$7.79
161168,Assassin's Creed: Unity [Walmart Edition],$3.72,$16.24,$9.99
36440,Assetto Corsa,$14.99,$22.33,$15.78
117400,Assetto Corsa Competizione,$13.98,$24.92,$17.75
67801,Astroneer,$10.00,$16.19,$10.99
37404,Atari Flashback Classics Vol 1,$10.96,$19.79,$14.46
37405,Atari Flashback Classics Vol 2,$9.35,$19.56,$10.25
53820,Atari Flashback Classics Vol 3,$29.99,$65.00,$49.99
38408,Aven Colony,$8.07,$20.00,$10.97
39611,Baja Edge of Control HD,$10.00,$21.52,$10.07
70964,Baldur's Gate 1 & 2 Enhanced Edition [Collector's Pack],,,
70585,Baldur's Gate Planescape Neverwinter Ultimate Collector's Edition,,,
2156361,Bass Pro Shops: Fishing Sim World,$8.75,$14.00,$16.95
35796,Batman: Arkham Knight [Serious Edition],,,
39971,Batman: The Enemy Within,$9.60,$14.51,$13.38
39967,Battle Chasers: Nightwar,$3.01,$6.84,$6.72
36605,Battle Worlds Kronos,$6.92,$8.80,$7.49
37019,Battlefield 1 Exclusive Collector's Edition,$47.51,$73.35,$49.00
42408,Battlefield 1 Revolution,$4.73,$10.65,$5.99
2593689,Battlefield 1 [Early Enlister Deluxe Edition Best Buy],,,
7491371,Battlefield 4 [Greatest Hits],$19.49,$27.28,$20.98
7491367,Battlefield Hardline [Greatest Hits],,,
35621,Battlefield Hardline: Deluxe Edition,$6.81,$20.22,$6.98
53748,Battlefield V [Deluxe Edition],$8.18,$17.29,$8.49
45132,Beast Quest,$5.12,$7.50,$7.00
66533,Bee Simulator,$16.89,$23.00,$17.97
40482,Ben 10,$9.04,$22.42,$9.98
161181,Ben 10: Power Trip,$11.83,$19.19,$12.99
3626318,Bendy and the Ink Machine [Gamestop],,,
2370008,Bethesda 2-Pack Includes Dishonored 2 and Prey,,,
37193,Big Buck Hunter Arcade,$5.75,$14.53,$7.63
4652247,Big Buck Hunter Arcade [Controller Bundle],$100.54,$159.99,$101.09
2392888,Big Rumble Boxing: Creed Champions,$18.00,$22.22,$18.25
1944602,Biomutant,$7.99,$9.64,$8.47
1944608,Biomutant [Atomic Edition],$70.00,$114.50,$90.79
1944605,Biomutant [Collector's Edition],$52.47,$93.99,$67.14
6939283,Bioshock Infinite [Greatest Hits],$8.57,$12.00,$9.23
7268096,Bioshock The Collection [Greatest Hits],$12.99,$37.98,$15.00
200150,Black Desert [Prestige Edition],$12.06,$19.48,$12.21
40551,Black Mirror,$8.50,$13.47,$9.34
40264,Blackguards 2,$4.94,$6.99,$6.28
7420538,Blacksad: Under The Skin [Limited Edition],,,
72287,Blacksad: Under the Skin,$9.99,$20.98,$14.05
35633,Bladestorm: Nightmare,$11.99,$17.99,$14.47
161693,Blair Witch,$34.99,$55.25,$36.99
2158328,Blasphemous [Deluxe Edition],$34.95,$59.99,$49.52
35810,BlazBlue: Chrono Phantasma Extend,$11.58,$24.19,$14.35
2594067,Blaze and the Monster Machines: Axle City Racers,$14.87,$24.59,$17.56
69346,Bleeding Edge,$3.28,$2.99,$4.27
36000,Blood Bowl II,$4.98,$14.99,$9.99
5298870,Bloodstained: Ritual Of The Night [Kickstarter Edition],$49.95,$72.00,$55.32
59594,Bloodstained: Ritual of the Night,$9.99,$17.49,$10.94
2055322,Blue PDP Xbox One Wired Controller,,,
63651,Borderlands 3 [Deluxe Edition],$8.81,$16.25,$9.76
63690,Borderlands 3 [Diamond Loot Chest Collector's Edition],$74.93,$196.28,$124.01
63652,Borderlands 3 [Super Deluxe Edition],$12.50,$23.99,$12.90
7491576,Borderlands Game Of The Year Edition [Greatest Hits],,,
7491575,Borderlands The Handsome Collection [Greatest Hits],,,
58080,Borderlands: Game of the Year Edition,$9.76,$15.99,$11.00
54005,Borderlands: The Handsome Collection [Gentleman Claptrap-in-a-Box],$130.00,$182.00,$140.00
50088,Bridge Constructor Portal,$3.00,$37.99,$12.95
35924,Brothers: A Tale of Two Sons,$8.48,$11.00,$8.48
49651,Brunswick Pro Bowling,$15.23,$23.06,$15.98
37385,Bulletstorm: Full Clip Edition,$12.40,$29.99,$13.18
45186,Burnout Paradise Remastered,$10.17,$19.49,$11.42
4476061,Bus Simulator 21,$6.92,$9.69,$7.45
35623,Cabela's African Adventures,$12.61,$38.81,$12.99
7268103,Call Of Duty 4 Modern Warfare,$10.33,$15.00,$13.49
7491577,Call Of Duty Advanced Warfare [Greatest Hits],,$15.88,
802483,Call Of Duty Black Ops 4 [Pro Edition],$16.45,$79.99,$22.50
58198,Call Of Duty Black Ops III [Pro Edition],$30.43,$46.00,$35.00
7491579,Call Of Duty Ghosts [Greatest Hits],,,
7491580,Call Of Duty Modern Warfare 2 [Greatest Hits],,,
35249,Call of Duty Advanced Warfare [Atlas Limited Edition],$19.97,$60.93,$19.99
35253,Call of Duty Advanced Warfare [Atlas Pro Edition],$16.00,$97.50,$16.74
40302,Call of Duty Advanced Warfare [Gold Edition],$7.66,$18.13,$9.95
4135486,Call of Duty Black Ops 1,$9.95,$43.98,$9.99
7268097,Call of Duty Black Ops I and II Combo Pack,$35.84,$97.44,$42.14
39667,Call of Duty Black Ops III [Gold Edition],$9.79,$27.20,$12.59
7491578,Call of Duty Black Ops III [Greatest Hits],$11.89,$18.00,$13.67
34568,Call of Duty Ghosts [Hardened Edition],$10.88,$55.00,$25.00
34565,Call of Duty Ghosts [Prestige Edition],$70.05,$140.62,$74.50
55705,Call of Duty WWII [Gold Edition],$10.52,$25.80,$11.00
40436,Call of Duty WWII [Pro Edition],$19.99,$60.02,$22.43
55706,Call of Duty WWII [Valor Collection],$50.19,$67.50,$59.99
52151,Call of Duty: Black Ops 4 [Mystery Box Edition],$89.24,$205.23,$129.68
4829941,Call of Duty: Black Ops II,$23.93,$50.00,$24.36
37403,Call of Duty: Infinite Warfare Legacy Pro Edition,$19.00,$149.99,$21.75
65426,Call of Duty: Modern Warfare [Precision Edition],$20.60,$86.72,$43.10
3634457,Capcom Fighting Collection,$21.63,$44.99,$25.22
36715,Carmageddon Max Damage,$10.87,$16.34,$10.99
53696,Carnival Games,$8.12,$13.09,$9.34
37105,Cartoon Network Battle Crashers,$6.05,$12.40,$9.32
6518435,Castlevania Advance Collection [Aria Of Sorrow Cover],,,
6518434,Castlevania Advance Collection [Dracula X Cover],$37.50,$52.50,$40.38
6518433,Castlevania Advance Collection [Harmony Of Dissonance Cover],,,
6810247,Castlevania Advance Collection [Ultimate Edition],$135.68,$189.95,$146.12
117397,Children of Morta,$11.68,$21.99,$13.00
404033,Chronos: Before the Ashes,$12.47,$24.49,$16.21
66941,Citadel: Forged with Fire,$5.33,$7.62,$5.99
37801,Cities Skylines,$15.64,$24.98,$16.97
67298,Cities Skylines [Parklife Edition],$17.47,$27.99,$19.00
2529492,Civilization Revolution,$9.49,$14.17,$10.85
66571,Civilization VI,$9.89,$14.77,$11.99
214275,Cloudpunk,$12.17,$33.00,$13.99
156175,Cobra Kai: The Karate Kid Saga Continues,$7.02,$8.92,$8.06
66873,Code Vein [Revenant Bundle],,,
2021470,Commandos 2 & Praetorians: HD Remastered Double Pack,$3.39,$36.32,$22.95
4894157,Conan Exiles [Limited Collector's Edition],$26.61,$32.12,$34.99
38056,Constructor,$6.03,$15.27,$7.50
63779,Contra Rogue Corps,$13.18,$17.55,$14.27
2183004,Control [Deluxe Edition],$26.97,$41.98,$29.99
200146,Control [Ultimate Edition],$16.23,$22.97,$17.16
160857,Crash Bandicoot 4: It's About Time,$10.99,$14.02,$11.68
7274543,Crash Team Racing: Nitro Fueled [Bundle],$30.00,$42.00,$32.31
4636732,Crash Team Racing: Nitro Fueled [Nitros Oxide],$14.69,$29.98,$18.95
879090,Crash Team Racing: Nitro Fueled [Sock Bundle],$13.19,$18.47,$14.21
52166,Crayola Scoot,$10.00,$15.30,$11.42
200270,Crysis 3,$5.87,$12.98,$7.88
7268098,Crysis 3 [Greatest Hits],,,
2674843,Crysis Remastered Trilogy,$24.73,$35.33,$25.29
5066507,Cuphead [Collector's Edition],$70.97,$99.36,$76.43
2073055,Curved Space,$6.43,$9.00,$7.00
643948,Cyberpunk 2077 [Collector's Edition],$152.67,$207.47,$180.72
542859,Cyberpunk 2077 [Day One],$13.03,$19.00,$14.99
3831299,DC League of Super-Pets: The Adventures of Krypto and Ace,$19.77,$28.93,$21.72
68750,DCL The Game,$4.61,$9.99,$6.18
50759,Dakar 18,$12.01,$30.81,$17.99
66552,Dangerous Driving,$16.76,$22.27,$17.28
162152,Dark Pictures Anthology: Little Hope,$14.91,$18.45,$14.99
747564,Dark Souls III [Day One Edition],$9.66,$56.08,$12.00
68615,Darksiders Genesis,$8.38,$11.62,$8.68
68616,Darksiders Genesis [Collector's Edition],$63.47,$83.00,$77.81
68617,Darksiders Genesis [Nephilim Edition],$117.86,$165.01,$126.93
36235,Darksiders II: Deathinitive Edition,$10.27,$14.99,$10.41
53806,Darksiders III [Apocalypse Edition],$429.22,$600.00,$491.17
53805,Darksiders III [Collector's Edition],$70.00,$102.00,$78.46
37135,Darksiders: Warmastered Edition,$14.38,$22.73,$15.31
2729640,Day One 2013,$24.99,$33.00,$25.30
5076629,Day of the Tentacle Remastered,$34.08,$46.72,$40.00
6136969,Day of the Tentacle Remastered [Collector's Edition],$217.38,$325.00,$249.99
65554,DayZ,$22.57,$31.49,$24.24
6779024,Daymare: 1994 Sandcastle,$15.95,$29.99,$20.02
47026,De Blob,$4.21,$10.69,$4.87
54003,De Blob 2,$8.23,$15.63,$9.46
39062,Dead Alliance,$6.54,$9.52,$7.64
6740393,Dead Island Definitive Collection,$14.19,$30.63,$17.80
997870,Dead Rising 3 [Day One Edition],$7.51,$54.50,$9.99
4403346,Dead Space 3,$18.65,$29.99,$21.24
55789,Dead or Alive 6,$19.80,$36.99,$19.99
40337,Deer Hunter Reloaded,$9.99,$24.98,$12.57
70896,Deformers,$8.85,$12.62,$9.48
70895,Deformers [Limited Edition],$12.77,$12.00,$19.50
141560,Deliver Us the Moon [Deluxe Edition],$21.99,$30.00,$27.93
72844,Desperados III,$4.99,$13.97,$6.18
72846,Desperados III [Collector's Edition],$50.14,$69.89,$57.94
50149,Destiny 2 Forsaken Legendary Collection [Gamestop Edition],$116.20,$168.01,$129.24
38053,Destiny 2 [Limited Edition],$26.64,$77.49,$49.46
155301,Destiny 2: Shadowkeep [Collector's Edition],,,
35035,Destiny [Limited Edition],$21.63,$120.00,$38.38
36395,Destiny: The Taken King [Collector's Edition],$49.19,$145.14,$59.99
105328,Destroy All Humans,$7.27,$11.97,$8.48
105330,Destroy All Humans [Crypto-137 Edition],$111.51,$156.11,$120.08
105332,Destroy All Humans [DNA Collector's Edition],$67.66,$92.04,$80.00
6643620,Destroy All Humans! 2: Single Player,$21.60,$37.23,$27.69
55832,Devil May Cry 5 [Collector's Edition],$118.26,$171.00,$131.54
55831,Devil May Cry 5 [Deluxe Edition],$14.99,$52.50,$24.50
3813109,Digimon Survive,$12.00,$14.95,$14.89
4947898,Digital TV Tuner,$9.70,$9.77,$14.50
37740,Dirt 4,$17.92,$49.86,$18.28
185835,Dirt 5,$16.49,$26.00,$20.10
36515,Dirt Rally,$12.03,$25.00,$12.16
54989,Dirt Rally 2.0,$18.51,$21.33,$18.85
2853305,Disco Elysium: The Final Cut,$12.17,$20.91,$14.50
593886,Dishonored & Prey: The Arkane Collection,$14.01,$34.95,$15.98
5167507,Dishonored 2 [Limited Edition Royal Protector Bundle],,,
37111,Dishonored 2 [Premium Collector's Edition],$31.00,$138.77,$49.99
39630,Dishonored: Death of the Outsider,$4.96,$11.99,$8.27
2931724,"Disney Classic Games Collection: The Jungle Book, Aladdin, & The Lion King",$15.22,$24.59,$17.50
65539,Disney Classic Games: Aladdin and The Lion King,$8.55,$11.97,$11.49
37762,Disney Infinity 3.0,$7.17,$21.25,$7.48
35919,Disney Infinity 3.0 Starter Pack,$30.36,$42.51,$37.08
2783223,Disney Infinity [2.0 Edition],$5.47,$9.99,$7.51
35079,Disney Infinity: Marvel Super Heroes Starter Pak 2.0,$17.18,$39.95,$23.99
35267,Disney Infinity: Toy Box Starter Pack 2.0,$21.11,$29.55,$27.10
40381,Disneyland Adventures,$12.95,$31.61,$13.50
50135,Divinity: Original Sin II: Definitive Edition,$22.72,$39.98,$28.00
36202,Divinity: Original Sin [Enhanced Edition],$13.29,$32.97,$16.49
6518465,Doctor Who Duo Bundle,$17.57,$33.82,$20.21
45794,Don't Starve,$14.99,$26.44,$18.24
7222024,Don’t Starve Mega Pack,,,
70310,Doom 3 BFG Edition,$11.13,$16.95,$11.26
4766112,Doom 64,$21.69,$39.99,$25.68
4766101,Doom 64 [Classic Edition],$57.14,$76.60,$61.53
69304,Doom Eternal [Collector's Edition],$231.54,$353.79,$266.25
69306,Doom Eternal [Deluxe Edition],$17.00,$49.21,$24.95
7376831,Doom [Greatest Hits],,,
117352,Doug Flutie's Maximum Football 2019 [Championship Edition],$9.11,$25.03,$10.46
2021473,Doug Flutie's Maximum Football 2020,$12.00,$23.70,$14.98
35336,Dragon Age: Inquisition Deluxe Edition,$6.99,$25.60,$7.74
36391,Dragon Age: Inquisition Inquisitor's Edition,$80.92,$117.00,$90.01
39670,Dragon Age: Inquisition [Game of the Year],$10.67,$62.50,$13.95
44946,Dragon Ball FighterZ Collectorz Edition,$77.79,$142.33,$89.95
44947,Dragon Ball FighterZ Fighterz Edition,,,
37054,Dragon Ball Xenoverse 2 [Collector's Edition],$71.65,$260.05,$122.89
67535,Dragon Ball Z: Kakarot [Collector's Edition],$14.99,$220.00,$179.30
4175901,Dragon Ball: The Breakers [Special Edition],$6.24,$8.74,$8.21
405116,Dragon Quest XI S: Echoes of an Elusive Age Definitive Edition,$23.89,$39.99,$26.25
39963,Dragon's Dogma: Dark Arisen,$21.49,$41.49,$23.63
54475,Dragons: Dawn of New Riders,$8.46,$9.99,
35159,Duck Dynasty,$8.04,$22.39,$10.00
37598,Duke Nukem 3D 20th Anniversary World Tour,$21.99,$39.56,$22.95
40280,Dungeons III,$8.73,$11.45,$9.18
4135523,Dungeons III: Complete Collection,$8.97,$25.13,$13.95
643927,Dying Light [Anniversary Edition],$14.00,$27.93,$15.82
35572,Dynasty Warriors 8: Empires,$13.99,$24.00,$17.02
45051,Dynasty Warriors 9,$11.64,$26.99,$13.99
47061,Earthfall Deluxe Edition,$7.99,$14.99,$9.38
7268100,Elder Scrolls IV Oblivion [Game Of The Year Edition Greatest Hits],,,
1268070,Elder Scrolls IV: Oblivion [Game of the Year Edition],$10.47,$21.97,$14.68
7491355,Elder Scrolls Online Tamriel Unlimited [Greatest Hits],$12.63,$19.00,$14.52
2252587,Elder Scrolls Online: Collection Blackwood,$51.13,$71.57,$55.06
58607,Elder Scrolls Online: Elsweyr,$4.99,$6.85,$6.34
161634,Elder Scrolls Online: Graymoor [Collector's Edition],$48.93,$68.50,$52.69
37751,Elder Scrolls Online: Morrowind [Collector's Edition],$50.00,$128.83,$82.28
46946,Elder Scrolls Online: Summerset,$5.95,$9.00,$6.62
46947,Elder Scrolls Online: Summerset [Collector's Edition],$55.96,$79.36,$63.50
36398,Elder Scrolls Online: Tamriel Unlimited [Imperial Edition],$78.49,$149.99,$86.56
52010,Elder Scrolls V: Skyrim [Dragonborn Bundle],$40.00,$59.47,$42.48
40286,Elex,$7.73,$13.54,$11.37
53923,Elex [Collector's Edition],$38.97,$72.24,$51.48
403822,Empire of Sin,$15.00,$28.88,$18.45
3773748,Endling: Extinction is Forever,$11.56,$12.10,$11.57
3480044,Epic Chef,$4.50,$8.00,$5.67
593888,Escape Game Fort Boyard,$10.90,$19.31,$12.54
77970,Everspace Stellar Edition,$12.34,$33.42,$17.99
36219,Evolve: Ultimate Edition,$8.42,$41.34,$9.49
45728,Extinction Deluxe Edition,$5.99,$11.99,$7.31
35818,F1 2015,$11.98,$19.99,$12.82
36753,F1 2016,$9.74,$15.55,$9.99
38637,F1 2017,$10.34,$13.44,$10.49
6654116,F1 2017 [Special Edition],$11.04,$20.05,$14.31
50230,F1 2018,$11.76,$16.00,$11.95
59735,F1 2019 [Legends Edition],$25.76,$87.51,$41.10
59734,F1 2019: Anniversary Edition,$15.01,$31.85,$17.97
90994,F1 2020,$19.99,$27.64,$24.99
90996,F1 2020 [Deluxe Schumacher Edition],$29.99,$56.44,$35.66
3671316,F1 22,$9.99,$15.99,$12.74
35075,FIFA 15 [Ultimate Edition],$5.28,$9.80,$10.64
36007,FIFA 16 [Deluxe Edition],$6.12,$9.62,$6.46
36956,FIFA 17 Deluxe Edition,$4.39,$24.00,$18.54
39927,FIFA 18 [Ronaldo Edition],$4.61,$23.00,$17.50
161906,FIFA 19 & NHL 19,$6.93,$10.19,$7.55
50751,FIFA 19 [Champions Edition],$4.45,$10.59,$4.96
63934,FIFA 20 [Champions Edition],$5.36,$3.40,$7.01
161187,FIFA 21,$4.56,$8.99,$4.75
161188,FIFA 21 [Champions Edition],$5.92,$8.29,$6.50
161189,FIFA 21 [Ultimate Edition],$4.74,$6.64,$5.99
2594461,FIFA 22,$7.62,$10.95,$8.00
4134215,FIFA 23,$10.50,$18.00,$14.42
58294,Fade to Silence,$6.22,$10.00,$7.32
4559397,Fallout 4 Game of the Year [Steelbook Edition],$7.14,$10.00,$7.69
3951743,Fallout 4 [Best Buy Gold Bundle],$71.42,$99.99,$76.92
39920,Fallout 4 [Game of the Year Pip-Boy Edition],$116.09,$168.00,$129.00
53743,Fallout 76 [Power Armor Edition],$160.95,$349.95,$167.98
53742,Fallout 76 [Tricentennial Edition],$7.01,$24.23,$20.00
2102544,Fallout 76 [Walmart Steelbook Edition],$5.90,$13.38,$8.59
5830259,Fallout 76: Wastelanders,$4.04,$7.08,$5.99
1817594,Family Feud,$10.99,$16.18,$11.00
65491,Far Cry 3 [Classic Edition],$7.04,$22.81,$14.17
7746762,Far Cry 3 [Greatest Hits],,,
7162129,Far Cry 3: Blood Dragon [Classic Edition],,$86.99,
35926,Far Cry 4 [Complete Edition],$6.08,$29.99,$7.00
35350,Far Cry 4 [Kyrat Edition],$30.00,$43.00,$32.99
45699,Far Cry 5 Deluxe Edition,$8.49,$30.55,$9.00
45698,Far Cry 5 Gold Edition,$19.69,$59.44,$21.00
36486,Far Cry Primal [Deluxe Edition],$9.50,$23.00,$19.44
7376833,Far Cry Primal [Greatest Hits],$13.56,$18.99,$14.61
2987099,Farming Simulator 15 [Limited Edition],$6.99,$10.00,$7.86
40483,Farming Simulator 17 Platinum Edition,$7.95,$14.36,$7.96
3112461,Farming Simulator 19 [Platinum Edition],$10.64,$16.75,$10.99
2762721,Fast & Furious: Spy Racers - Rise of Sh1ft3r,$17.72,$24.90,$20.05
117486,Fast and Furious Crossroads,$10.72,$14.15,$11.00
2529491,Fight Night Champion,$15.22,$26.40,$20.52
34594,Fighter Within,$5.86,$11.85,$5.87
35627,Final Fantasy Type-0 HD [Collector's Edition],$33.36,$99.99,$33.67
137015,Final Fantasy Type-0 HD [Day One Edition],$4.99,$11.49,$5.67
62442,Final Fantasy X X-2 HD Remaster,$17.62,$28.00,$21.41
58295,Final Fantasy XII: The Zodiac Age,$10.29,$14.99,$12.94
37145,Final Fantasy XV [Deluxe Edition],$12.83,$36.44,$13.44
45106,Final Fantasy XV [Royal Edition],$9.86,$20.21,$11.00
50213,Fishing Sim World,$14.27,$27.49,$16.88
71593,Fishing Sim World: Pro Tour Collector's Edition,$14.92,$22.94,$17.16
1384403,Five Night's at Freddy's [Core Collection],$21.99,$29.47,$24.98
37382,Flatout 4 Total Insanity,$8.34,$33.24,$13.21
37268,For Honor Apollyon Collector's Edition,$195.72,$283.00,$217.69
37265,For Honor Deluxe Edition,$5.76,$12.47,$7.89
37264,For Honor Gold Edition,$6.72,$28.19,$7.59
52173,For Honor Marching Fire Edition,$5.81,$6.57,$6.00
69313,Fortnite: Darkfire,$30.00,$54.69,$32.99
5861886,Forza Horizon 2 [Ten Year Anniversary Edition],$18.99,$84.91,$19.35
964706,Forza Motorsport 5 [Day One Edition],$9.99,$20.00,$10.62
3724151,Forza Motorsport 5 [Game of the Year],$10.99,$20.00,$11.48
34572,Forza Motorsport 5 [Limited Edition],$15.17,$74.50,$17.53
50766,Friday the 13th [Ultimate Slasher Collector's Edition],$121.25,$248.51,$157.39
50765,Friday the 13th [Ultimate Slasher Edition],$12.61,$27.00,$14.43
65552,Frostpunk: Console Edition,$11.77,$27.83,$13.97
5167168,Full Throttle Remastered,$46.68,$65.35,$50.27
161649,G.I. Joe: Operation Blackout,$8.08,$9.50,$9.99
4602704,G.I. Joe: Operation Blackout [Gold Edition],$11.16,$15.64,$12.02
200143,GRID,$12.16,$14.27,$18.77
3380251,Game Drive Hub,$105.96,$143.05,$116.37
68557,Gang Beasts,$10.26,$15.00,$10.97
68562,Garfield Kart: Furious Racing,$8.23,$7.50,$12.75
6179670,Gargoyles Remastered,$43.35,$60.69,$46.68
63612,Gears 5 [Collector's Edition],$112.57,$163.00,$125.00
63611,Gears 5 [Ultimate Edition],$35.50,$92.97,$51.64
2383199,Gears of War 4 [Collector's Edition Outsider],$150.00,$210.00,$161.54
58031,Generation Zero,$13.14,$24.41,$14.49
63894,Generation Zero [Collector's Edition],$74.30,$62.00,$120.00
54051,Genesis Alpha One,$8.09,$9.95,$8.75
64698,Ghost Recon Breakpoint [Gold Edition],$18.02,$34.67,$21.90
64699,Ghost Recon Breakpoint [Ultimate Edition],$19.99,$36.89,$25.00
37312,Ghost Recon Wildlands [Deluxe Edition],$6.84,$10.00,$8.84
42309,Ghost Recon Wildlands [Ghost Edition],$36.95,$51.72,$39.79
7376845,Ghost Recon Wildlands [Greatest Hits],,,
37315,Ghost Recon Wildlands [War Within the Cartel Edition],$27.67,$40.00,$30.78
2021475,Gigantosaurus: The Game,$14.66,$28.03,$19.99
37830,Golf Club 2,$5.02,$5.99,$5.67
53737,Golf Club 2019,$6.06,$9.16,$8.19
35702,Golf Club Collector's Edition,$6.69,$10.35,$6.83
1316353,Goosebumps: Dead Of Night,$5.55,$12.00,$9.03
6775917,Grandia HD Collection,$75.00,$105.00,$80.77
45092,Gravel,$10.15,$14.52,$10.71
7322401,Greatest Hits 2-Pack,,,
6680643,Grid [Ultimate Edition],$27.00,$40.00,$30.42
6732807,Grim Fandango Remastered [Collector's Edition],$78.26,$109.56,$84.28
69033,Grip: Combat Racing,$7.89,$12.33,$8.00
91080,Grip: Combat Racing [Ultimate Edition],$9.99,$14.75,$10.54
3596771,Guitar Hero Live [Guitar Only],$20.92,$29.29,$24.06
2594289,Guitar Hero Live [Supreme Party Edition],$190.00,$277.04,$205.00
7376899,Halo 5 Guardians [Greatest Hits],,,
2392965,Harvest Moon: One World,$14.99,$26.31,$20.72
37363,Has-Been Heroes,$6.04,$11.13,$6.16
36145,Hasbro Family Fun Pack,$7.61,$10.78,$7.81
37123,Hasbro Family Fun Pack Conquest Edition,$7.64,$11.15,$8.13
53836,Hellblade Senua's Sacrifice,$23.61,$39.99,$24.62
53860,Hello Neighbor Hide & Seek,$4.95,$10.80,$6.76
53721,Hitman 2 [Collector's Edition],$110.09,$149.99,$130.00
53722,Hitman 2 [Gold Edition],$12.83,$23.03,$14.95
36470,Hitman Collector's Edition,$104.45,$194.69,$120.12
46427,Hitman: Definitive Edition,$11.21,$19.98,$12.63
5554419,Hitman: The Complete First Season [Steelbook Edition],$10.49,$28.47,$11.53
4731142,Hogwarts Legacy,$24.73,$30.00,$24.81
4732055,Hogwarts Legacy [Collector's Edition],$145.63,$169.90,$195.38
4731298,Hogwarts Legacy [Deluxe Edition],$36.50,$40.64,$47.47
4562526,Hokko Life,$8.99,$13.00,$9.99
36622,Homefront The Revolution Goliath Edition,$35.71,$50.00,$39.99
2255138,Homefront: The Revolution [Steelbook],$12.99,$23.36,$16.88
2594640,Hot Wheels Unleashed,$11.70,$17.42,$12.97
47052,Hotel Transylvania 3: Monsters Overboard,$6.95,$13.74,$7.02
3268547,Hotel Transylvania Scary-Tale Adventures,$15.68,$19.99,$19.63
593890,House Flipper,$16.94,$23.67,$18.00
214274,Human Fall Flat [Anniversary Edition],$10.90,$12.05,$11.00
93605,Hunt: Showdown,$12.89,$15.49,$15.75
37938,Hunting Simulator,$11.95,$16.80,$12.99
85210,Hunting Simulator 2,$18.90,$49.47,$20.49
2975520,Hyperkin Duke Wired Controller,$47.50,$93.22,$64.95
67706,Ice Age: Scrat's Nutty Adventure,$19.99,$39.00,$29.84
593892,Immortal Realms Vampire Wars,$12.07,$15.86,$13.88
50181,Immortal Unchained,$14.00,$29.95,$22.47
404654,Immortals Fenyx Rising [Gold Edition],$15.38,$7.50,$17.69
37324,Industry Giant 2,$6.32,$9.99,$6.81
5943372,Injustice: Gods Among Us: Ultimate Edition,$9.00,$20.50,$10.50
2755827,Insurgency Sandstorm,$17.45,$27.09,$22.49
63449,Invisible Hours,$6.88,$9.98,$7.99
1316349,It Takes Two,$15.78,$22.37,$16.12
36149,Jackbox Party Pack,$14.43,$25.00,$14.99
53830,Jagged Alliance Rage,$8.03,$10.71,$9.92
507957,John Wick Hex,$9.97,$12.46,$10.99
67880,Journey to the Savage Planet,$7.25,$12.14,$10.56
65567,Jumanji: The Video Game,$6.99,$10.73,$7.27
54488,Jump Force [Collector's Edition],$155.07,$249.95,$157.56
54487,Jump Force [Ultimate Edition],$28.30,$41.00,$31.33
36308,Just Cause 3 Collector's Edition,$10.74,$52.59,$31.50
2390287,Just Cause 3 [Day One Steel Book],$3.16,$11.50,$4.92
53825,Just Cause 4 [Gold Edition],$6.95,$15.56,$9.00
58518,Just Cause 4 [Steelbook Edition],$11.93,$33.14,$12.94
34792,Just Dance 2014,$6.89,$16.52,$6.89
35192,Just Dance 2015,$5.04,$10.06,$6.32
36157,Just Dance 2016: Gold Edition,$4.01,$13.58,$7.84
37047,Just Dance 2017,$6.90,$8.66,$8.29
37050,Just Dance 2017 Gold Edition,$7.78,$20.73,$8.97
40329,Just Dance 2018,$5.84,$10.30,$6.58
52662,Just Dance 2019,$7.70,$12.00,$8.93
65502,Just Dance 2020,$5.86,$9.48,$6.97
200254,Just Dance 2021,$5.36,$5.49,$7.95
36162,Just Dance: Disney Party 2,$9.17,$11.20,$9.47
2392931,Just Die Already,$9.06,$18.99,$10.98
36808,Just Sing,$6.66,$9.25,$6.94
214332,Katamari Damacy Reroll,$13.34,$17.93,$13.82
1812787,Kaze and the Wild Masks,$13.61,$22.67,$14.98
2163229,Killer Instinct Fight Stick,$174.99,$325.00,$250.00
66766,Killer Queen Black,,,
35148,Kinect Sensor with Dance Central Spotlight,$71.83,$89.04,$73.74
2290996,King's Bounty II,$10.50,$13.34,$12.08
37705,King's Quest The Complete Collection,$9.99,$16.51,$12.62
45095,Kingdom Come Deliverance,$12.19,$22.36,$14.14
59542,Kingdom Come Deliverance [Royal Edition],$19.31,$42.50,$20.98
45040,Kingdom Come Deliverance [Special Edition],$14.02,$38.58,$16.15
55877,Kingdom Hearts III [Deluxe Edition + Bring Arts Figures],$129.57,$194.00,$149.00
54057,Kingdom Hearts III [Deluxe Edition],$16.01,$48.90,$20.51
1944741,Kingdom Majestic,$10.39,$14.92,$17.74
5978852,Kingdoms Of Amalur: Reckoning,$5.77,$10.42,$6.57
155315,Kingdoms of Amalur: Re-Reckoning,$17.08,$22.50,$18.92
155317,Kingdoms of Amalur: Re-Reckoning [Collector's Edition],$90.00,$167.44,$105.73
36311,Kung Fu Panda Showdown of the Legendary Legends,$9.99,$33.00,$13.48
5066532,LEGO 2K Drive,$13.67,$27.00,$20.50
37377,LEGO City Undercover,$8.99,$15.50,$9.34
45729,LEGO City Undercover [Toy Bundle],$14.35,$21.00,$16.50
52162,LEGO DC Super Villains [Deluxe Edition],$24.44,$42.50,$28.49
55846,LEGO Marvel Collection,$9.00,$18.68,$9.25
40486,LEGO Marvel Super Heroes 2 Deluxe Edition,$12.23,$27.56,$12.24
54994,LEGO Movie 2 Videogame,$5.25,$12.51,$9.74
39908,LEGO Ninjago Movie,$7.69,$10.83,$8.09
36684,LEGO Star Wars The Force Awakens Deluxe Edition,$10.21,$20.75,$10.62
70227,La Mulana 1 & 2 [Hidden Treasures Edition],$13.23,$38.85,$28.00
763279,Let's Sing Country [2-Mic Bundle],$13.57,$19.00,$14.99
72852,Let’s Sing: Country,$6.96,$10.99,$7.38
36377,Lichdom: Battlemage,$5.15,$8.00,$6.15
67716,Life is Strange 2,$14.44,$18.80,$14.99
67718,Life is Strange 2 [Collector's Edition],$124.48,$179.99,$138.45
45109,Life is Strange: Before the Storm,$7.30,$10.07,$8.07
45110,Life is Strange: Before the Storm [Limited Edition],$7.90,$32.46,$17.99
45111,Life is Strange: Before the Storm [Vinyl Edition],$130.43,$345.00,$265.00
3197155,Little Nightmares,$12.55,$18.82,$13.41
40378,Little Nightmares Complete Edition,$16.26,$21.27,$17.66
1341444,Little Nightmares II [Stay Tuned Bundle],,,
37434,Little Nightmares Six Edition,$35.49,$77.71,$39.99
37709,Lock's Quest,$4.40,$5.80,$4.65
5290773,Loop8: Summer of Gods,$24.27,$33.98,$26.40
5943716,Lords Of The Fallen [Collector's Edition],$97.86,$152.26,$100.00
36221,Lords of the Fallen Complete Edition,$4.00,$19.99,$8.35
3326427,MLB The Show 22,$10.99,$14.99,$11.86
4952617,MLB The Show 23,$13.75,$22.99,$16.33
7376839,MX Vs ATV Reflex,$28.56,$39.99,$30.76
45703,MX vs ATV All Out,$7.87,$10.00,$8.95
55844,MX vs ATV All Out [Anniversary Edition],$6.28,$19.74,$9.13
36776,MX vs ATV Supercross Encore Edition,$4.96,$15.07,$5.99
36674,MXGP 2,$6.38,$8.99,$7.04
65227,MXGP 2019,$10.11,$15.00,$11.43
37799,MXGP 3,$7.24,$18.00,$8.53
47019,MXGP Pro,$8.25,$10.73,$8.96
62368,Madden 19 & FIFA 19,$3.69,$7.24,$5.00
35012,Madden NFL 15: Ultimate Edition,$4.17,$18.99,$4.97
35883,Madden NFL 16 Deluxe Edition,$4.99,$9.99,$7.14
4956241,Madden NFL 18 [Deluxe Edition],$31.15,$43.55,$33.55
42401,Madden NFL 18 [Limited Edition],$5.81,$9.99,$6.68
49614,Madden NFL 19 [Hall of Fame Edition],$6.60,$15.47,$6.97
62445,Madden NFL 20 [Superstar Edition],$5.78,$22.41,$6.65
2184407,Madden NFL 20 and FIFA 20 Bundle,$6.67,$9.34,$7.45
152960,Madden NFL 21 [Deluxe Edition],$5.80,$9.00,$6.67
152959,Madden NFL 21 [MVP Edition],$5.00,$8.90,$5.79
36977,Mafia III [Collector's Edition],$35.00,$69.99,$50.00
36980,Mafia III [Deluxe Edition],$9.34,$22.50,$10.81
156470,Mafia: Definitive Edition,$10.18,$18.26,$12.50
37066,Mark McMorris Infinite Air,$5.47,$7.12,$6.08
3179448,Marsupilami: Hoobadventure,$13.99,$17.89,$17.46
155173,Marvel Avengers [Deluxe Edition],$12.49,$19.99,$12.51
155174,Marvel Avengers [Earth's Mightiest Edition],$18.99,$45.84,$32.74
4400523,Marvel Midnight Suns,,,
37102,Marvel Pinball: Epic Collection Vol. 1,$13.58,$20.00,$13.95
39654,Marvel vs Capcom: Infinite Deluxe Edition,$18.29,$33.07,$20.74
4766175,Mass Effect Andromeda [Collector's Editon],,,
7470567,Mass Effect: Andromeda [Steelbook],$13.99,$19.59,$16.09
2781037,MechWarrior 5: Mercenaries,$17.85,$24.99,$19.99
4766178,Mega Man 11 [Collector's Edition],,,
68868,Mega Man Zero/ZX Legacy Collection,$12.56,$27.89,$19.99
36994,Metal Gear Solid V The Definitive Experience,$21.99,$37.92,$26.99
35935,Metal Gear Solid V: The Phantom Pain [Collector's Edition],$90.00,$213.33,$103.50
54481,Metro Exodus [Aurora Limited Edition],$30.00,$45.85,$31.31
5436828,Microsoft Xbox One S Xfest 19 Controller,,,
50085,Middle Earth: Shadow Of War [Definitive Edition],$9.99,$20.96,$11.11
35764,Middle Earth: Shadow of Mordor [Game of the Year],$5.75,$16.99,$6.63
40241,Middle Earth: Shadow of War [Gold Edition],$9.40,$26.83,$17.95
40244,Middle Earth: Shadow of War [Mithril Edition],$93.27,$345.76,$218.33
36431,Mighty No. 9 Signature Edition,$13.04,$18.32,$15.61
40450,Minecraft Explorers Pack,$33.92,$65.40,$41.23
85198,Minecraft Starter Collection,$10.00,$15.99,$12.00
36453,Mirror's Edge Catalyst [Collector's Edition],$81.50,$140.20,$88.85
3379535,Monopoly Plus & Monopoly Madness,$5.99,$9.00,$7.25
2573534,Monster Crown,$12.48,$20.44,$13.31
45048,Monster Energy Supercross,$4.73,$14.95,$6.99
54410,Monster Energy Supercross 2,$6.95,$13.00,$8.49
67876,Monster Energy Supercross 3,$8.76,$16.23,$9.99
1563581,Monster Energy Supercross 4,$6.03,$6.35,$7.95
44951,Monster Hunter: World Collector's Edition,$80.75,$141.08,$90.72
63607,Monster Hunter: World Iceborne Master Edition,$22.04,$34.99,$31.74
63608,Monster Hunter: World Iceborne Master Edition [Deluxe],$39.29,$55.00,$42.50
59658,Monster Jam Steel Titans,$10.83,$14.99,$10.98
1450432,Monster Jam Steel Titans 2,$16.95,$20.03,$17.78
59660,Monster Jam Steel Titans [Collector's Edition],$54.29,$78.95,$60.00
37406,Monster Jam: Crush It,$9.31,$16.39,$11.38
52171,Monstrum,$12.29,$21.18,$15.17
352948,Mortal Kombat 11 Aftermath Kollection,$12.56,$20.66,$12.99
63076,Mortal Kombat 11 [Kollector's Edition],$254.34,$358.17,$290.00
58278,Mortal Kombat 11 [Premium Edition],$13.88,$21.05,$14.54
35679,Mortal Kombat X [Kollector's Edition],$42.43,$66.01,$46.49
6882433,Mortal Kombat X [Limited Edition],$14.50,$54.48,$34.42
185608,Mortal Shell,$17.26,$26.61,$22.45
50070,Mothergunship,$9.99,$18.00,$13.84
37230,Moto Racer 4,$6.10,$10.00,$6.13
37936,MotoGP 17,$7.95,$11.13,$8.20
58613,MotoGP 19,$15.51,$26.64,$16.00
70913,MotoGP 20,$17.49,$24.99,$17.85
71013,Moving Out,$10.71,$15.05,$11.48
52667,MudRunner American Wilds,$10.09,$32.50,$12.99
52703,Mutant Football League Dynasty Edition,$15.66,$17.99,$16.43
62447,Mutant Year Zero: Road to Eden,$8.62,$12.46,$10.66
2594659,My Friend Peppa Pig,$15.92,$19.99,$17.99
52681,My Hero One's Justice,$5.85,$12.23,$8.72
69024,My Hero One's Justice 2,$9.99,$13.50,$10.23
69027,My Hero One's Justice 2 [Collector's Edition],$44.20,$61.76,$50.92
58398,My Time at Portia,$7.35,$15.93,$11.99
50195,NASCAR Heat 3,$6.20,$10.67,$9.10
90989,NASCAR Heat 5,$11.32,$15.99,$11.42
90990,NASCAR Heat 5 [Gold Edition],$31.07,$57.01,$44.99
52153,NBA 2K Playgrounds 2,$8.00,$8.82,$8.03
95131,NBA 2K16 [Early Tip-Off Edition],$5.45,$8.00,$6.27
36015,NBA 2K16 [Michael Jordan Special Edition],$11.30,$56.38,$13.74
36950,NBA 2K17 [Legend Edition Gold],$9.16,$54.99,$10.00
37039,NBA 2K17 [Legend Edition],$8.44,$27.38,$8.92
7488481,NBA 2K18 [Celtics Cover],$17.82,$24.95,$19.19
39638,NBA 2K18 [Legend Edition Gold],$9.20,$23.00,$12.73
39637,NBA 2K18 [Legend Edition],$5.00,$8.00,$6.89
50187,NBA 2K19 20th Anniversary Edition,$4.97,$18.95,$6.47
7376838,NBA 2K20 [Greatest Hits],,,
63601,NBA 2K20 [Legend Edition],$8.67,$15.29,$8.68
155166,NBA 2K21 [Mamba Forever Edition],$0.99,$12.52,$10.99
2392908,NBA 2K22 [75th Anniversary Edition],$7.99,$9.99,$8.00
4034521,NBA 2K23,$8.74,$12.99,$11.37
4034535,NBA 2K23 [Championship Edition],$19.37,$30.03,$24.50
4034532,NBA 2K23 [Michael Jordan Edition],$24.26,$33.24,$27.14
5784806,NBA 2K24,$15.24,$19.95,$17.25
7374231,NBA 2K25,$44.99,$50.25,$47.50
36078,NBA Live 16,$4.49,$9.99,$6.00
39625,NBA Live 18,$4.90,$5.55,$4.94
50178,NBA Live 19,$6.00,$8.63,$6.65
35047,NHL 15 [Ultimate Edition],$2.86,$4.00,$3.29
35977,NHL 16 [Deluxe Edition],$4.47,$9.22,$5.14
36903,NHL 17 Deluxe Edition,$3.71,$9.50,$7.43
39628,NHL 18,$3.81,$5.34,$3.99
161654,NHL 21,$4.25,$7.43,$4.99
161655,NHL 21 [Great Eight Edition],$8.73,$35.69,$22.55
2583359,NHL 22,$5.19,$7.69,$6.47
4175880,NHL 23,$8.24,$9.42,$10.28
5864152,NHL 24,$18.93,$25.99,$27.41
91086,Narcos: Rise of the Cartels,$7.90,$12.99,$10.38
37245,Naruto Shippuden Ultimate Ninja Storm 4 Road to Boruto,$5.93,$17.49,$9.87
7376837,Need For Speed Payback [Greatest Hits],,,
7268104,Need For Speed Rivals [Greatest Hits],$15.44,$21.61,$16.62
36225,Need for Speed Deluxe Edition,$11.65,$26.47,$14.99
65511,Need for Speed Heat [Deluxe Edition],$5.00,$7.00,$5.38
40451,Need for Speed Payback [Deluxe Edition],$13.98,$39.00,$13.99
35197,Need for Speed Rivals Complete Edition,$8.60,$36.99,$8.60
185826,Need for Speed: Hot Pursuit Remastered,$12.00,$19.47,$12.95
66882,Neverwinter Nights Enhanced Edition,$11.99,$15.86,$15.09
70970,Neverwinter Nights Enhanced Edition [Collector's Pack],,,
3010288,New Super Lucky's Tale,$8.15,$10.39,$9.99
52670,Nickelodeon Kart Racers,$7.25,$8.87,$7.78
161421,Nickelodeon Kart Racers 2: Grand Prix,$9.48,$13.99,$12.20
1935099,NieR Replicant Ver.1.22474487139,$17.18,$24.00,$17.29
2056849,Nier Replicant Ver. 1.22474487139 [White Snow Edition],$214.29,$300.00,$230.77
2158179,No Straight Roads,$14.83,$22.49,$16.06
66969,Northgard,$12.98,$20.48,$13.76
2189255,OffRoad Racing,$12.21,$31.97,$14.04
69350,One Piece: Pirate Warriors 4,$12.50,$16.53,$14.27
57976,One Piece: World Seeker,$16.12,$22.81,$17.04
68870,One Punch Man: A Hero Nobody Knows,$15.48,$29.75,$15.48
53958,Onimusha Warlords,$18.00,$35.00,$18.02
46955,Onrush,$9.99,$16.56,$10.99
2075894,Open Country,$10.99,$19.99,$13.99
5049534,Ori and the Blind Forest Definitive Edition [New Game Plush],,,
69032,Ori and the Will of the Wisps [Collector's Edition],$36.51,$60.00,$42.86
58118,Outward,$17.81,$25.00,$19.24
2250609,Overcooked + Overcooked 2,$18.68,$20.22,$19.63
49616,Overcooked 2,$11.11,$20.00,$12.90
38618,Overcooked Gourmet Edition,$8.21,$17.12,$10.61
593903,Overpass,$17.99,$25.99,$23.64
53841,Override Mech City Brawl,$7.99,$8.97,$9.95
42343,Overwatch [Game of the Year],$5.51,$10.50,$5.99
55721,Overwatch [Legendary Edition],$4.99,$10.25,$5.35
2290982,PAW Patrol The Movie: Adventure City Calls,$7.59,$11.51,$9.54
144765,PGA Tour 2K21,$6.74,$8.72,$7.12
4175860,PGA Tour 2K23,$9.69,$16.95,$11.44
2736746,PJ Masks: Heroes of the Night,$12.99,$18.49,$14.57
3490302,Pac-Man Museum Plus,$14.08,$17.92,$19.49
45085,Past Cure,$4.99,$14.98,$5.13
144762,Pathfinder: Kingmaker,$23.44,$38.09,$23.49
4134220,Pathfinder: Wrath of the Righteous,$24.31,$28.00,$29.00
185824,Paw Patrol: Mighty Pups Save Adventure Bay,$8.00,$11.24,$9.31
36987,Payday 2 The Big Score,$6.79,$14.34,$7.89
715577,Peaky Blinders Mastermind,$7.00,$19.81,$13.89
39956,Pharaonic Deluxe Edition,$5.86,$13.87,$5.87
39068,Pillars of Eternity Complete Edition,$9.92,$24.54,$11.00
67785,Pillars of Eternity II: Deadfire Ultimate Edition,$6.05,$12.50,$6.96
67787,Pillars of Eternity II: Deadfire Ultimate [Collector's Edition],$95.00,$133.00,$101.95
58603,PixArk,$5.98,$11.31,$9.31
6343163,Pizza Hut Xbox One Controller,$163.42,$227.01,$186.47
65299,Planescape: Torment & Icewind Dale Enhanced Editions,$16.21,$22.15,$19.09
70967,Planescape: Torment & Icewind Dale Enhanced Editions [Collector's Pack],,,
200262,Planet Coaster,$19.12,$29.00,$21.99
7264182,Plants Vs Zombies Garden Warfare [Greatest Hits],,,
66775,Plants vs. Zombies: Battle for Neighborville,$6.28,$10.95,$6.36
36459,Plants vs. Zombies: Garden Warfare 2 [Deluxe Edition],$10.06,$24.99,$11.56
156468,Port Royale 4,$12.93,$25.65,$15.93
37605,Portal Knights,$5.00,$11.88,$7.89
721614,Power Rangers: Battle for the Grid,$7.76,$11.17,$8.23
2255145,Power Rangers: Battle for the Grid [Super Edition],$14.99,$22.81,$16.26
2945387,PowerA Enhanced Wired Controller [Mist White],,$36.82,
36694,Prison Architect,$8.05,$26.87,$9.46
35308,Pro Evolution Soccer 2015,$3.65,$7.44,$4.14
35982,Pro Evolution Soccer 2016,$5.11,$8.99,$8.99
36904,Pro Evolution Soccer 2017,$5.21,$5.54,$5.95
39614,Pro Evolution Soccer 2018,$5.07,$7.39,$5.99
39617,Pro Evolution Soccer 2018 Legendary Edition,$7.05,$9.99,$8.11
50078,Pro Evolution Soccer 2019,$7.01,$15.00,$9.28
50079,Pro Evolution Soccer 2019 [David Beckham Edition],$17.65,$22.95,$20.45
54364,Pro Fishing Simulator,$15.00,$22.49,$15.00
37323,Professional Farmer 2017,$4.08,$8.74,$5.72
1723612,Professional Farmer 2017: Gold Edition,$4.73,$7.99,$5.05
39911,Project Cars 2,$14.28,$23.00,$18.14
152962,Project Cars 3,$9.99,$16.92,$12.99
37068,Project Cars [Game of the Year],$7.98,$26.98,$9.93
53735,Project Highrise: Architect's Edition,$7.50,$12.73,$9.95
5810659,Psychonauts,$24.99,$52.54,$29.05
45135,Pure Farming 2018,$6.84,$9.34,$6.91
712022,Puyo Puyo Tetris 2,$7.31,$10.23,$8.67
4562529,Quantum Break [Not for Resale],,,
36518,RBI Baseball 16,$2.54,$7.23,$4.72
45199,RBI Baseball 18,$5.89,$9.00,$6.98
239560,RBI Baseball 20,$6.39,$12.62,$9.48
37356,RBI Baseball 2017,$4.44,$13.21,$5.09
35367,Rabbids Invasion,$5.49,$8.25,$5.88
3671310,Rabbids Party of Legends,$6.00,$7.59,$8.30
2156540,Race With Ryan: Road Trip [Deluxe Edition],$5.09,$7.13,$6.99
66977,Race with Ryan,$5.47,$7.93,$7.63
66981,Race with Ryan [Car Bundle],$25.25,$20.00,
45067,Rad Rodgers,$9.05,$12.52,$9.34
5427850,Rage,$5.20,$16.52,$7.50
58407,Rage 2 [Collector's Edition],$30.66,$42.07,$35.92
58406,Rage 2 [Deluxe Edition],$8.48,$20.92,$13.99
5290201,Raiden III x Mikado Maniax: Deluxe Edition,,$43.38,
44958,Railway Empire,$13.21,$26.99,$17.66
3811903,Railway Empire Complete Edition,$19.85,$29.99,$22.36
5491197,Rainbow Six Siege & The Division 2,$10.71,$14.99,$11.53
37250,Rainbow Six Siege Year 2,$4.20,$6.75,$5.03
7491349,Rainbow Six Siege [4k Ultra HD Greatest Hits],,,
45045,Rainbow Six Siege [Advanced Edition],$17.16,$176.25,$111.37
45043,Rainbow Six Siege [Complete Edition],$5.25,$31.00,$23.50
36319,Rainbow Six Siege [Gold Edition],$7.59,$59.96,$18.18
7376849,Rainbow Six Siege [Greatest Hits],$10.51,$14.71,$11.32
40339,Rapala Fishing Pro Series,$10.75,$20.63,$11.02
5404557,Rayman Origins,$8.49,$18.96,$11.98
36909,ReCore Collector's Edition,$78.61,$124.99,$89.28
40290,Real Farm,$10.99,$13.45,$11.45
161719,Realms of Arkania: Blade of Destiny,$9.64,$14.95,$9.89
52677,Red Dead Redemption 2 [Special Edition],$16.18,$62.59,$26.01
4251702,Red Dead Redemption 2 [Steelbook Edition],$29.90,$135.00,$35.16
52679,Red Dead Redemption 2 [Ultimate Edition],$37.16,$97.50,$37.88
152455,Red Dead Redemption Undead Nightmare,$12.31,$22.63,$14.18
47031,Red Faction: Guerrilla Re-Mars-tered,$14.85,$22.00,$16.99
39078,Redout,$6.79,$14.11,$10.31
241965,Remnant: From the Ashes,$20.67,$49.95,$22.37
161648,Remothered: Broken Porcelain,$13.13,$22.48,$14.54
65555,Remothered: Tormented Fathers,$21.99,$37.47,$25.00
54046,Resident Evil 2 [Collector's Edition],$249.26,$363.75,$274.50
54045,Resident Evil 2 [Deluxe Edition],$18.99,$99.50,$20.00
70226,Resident Evil 3 [Collector's Edition],$239.36,$342.58,$300.00
70486,Resident Evil 7 Biohazard [Deluxe Edition],$15.97,$49.99,$22.11
2291044,RiMS Racing,$12.24,$24.44,$18.80
36106,Ride,$7.89,$12.49,$8.13
37270,Ride 2,$7.00,$21.66,$9.12
53808,Ride 3,$14.24,$30.42,$14.38
161183,Ride 4,$17.15,$32.44,$22.17
37609,Rime,$7.17,$11.23,$7.89
40349,Rise of the Tomb Raider [Collector's Edition],$161.20,$250.00,$195.00
71845,Risk of Rain 2,$6.61,$10.00,$7.65
40481,Road Rage,$8.99,$14.33,$9.72
2514082,Roblox,$0.71,$0.99,$0.76
5917367,Rock Band 4 Drum Kit,$289.99,$16.99,$299.99
3401089,Rock Band 4 Legacy Adapter,$319.99,$334.02,$386.67
4745715,Rock Band 4 Microphone,$13.75,$36.47,$22.10
5917368,Rock Band 4 Pro Cymbals,$190.96,$422.00,$324.95
6578025,Rock Band 4 Wired Legacy Adapter,$375.00,$525.00,$403.85
4080961,Rock Band 4 Wireless Fender Jaguar Guitar Controller [Blue],$224.95,$314.93,$258.69
5001832,Rock Band 4 Wireless Fender Jaguar Guitar Controller [Gray],$217.50,$304.50,$250.12
2783151,Rock Band 4 Wireless Fender Stratocaster Guitar Controller,$159.24,$409.53,$198.67
36090,Rock Band 4 [Guitar Bundle],$117.50,$178.44,$135.49
4894155,Rock Band 4 [RED Band In-A-Box Bundle],$599.00,$810.00,$623.00
7445893,Rock Band 4 [With Legacy Game Controller Adapter],$267.86,$375.00,$288.46
37025,Rock Band Rivals Band Kit Bundle,$450.00,$889.03,$529.22
37023,Rock Band Rivals Guitar Bundle,$199.99,$349.99,$327.50
95127,Rock of Ages III: Make & Break,$4.17,$5.78,$4.80
91546,Rocket Arena Mythic Edition,$2.86,$5.49,$4.24
50081,Rocket League Ultimate Edition,$6.11,$41.18,$6.42
36970,Rocksmith 2014 Edition Remastered,$26.58,$69.16,$29.13
7747198,Rocksmith 2014 Edition Remastered [With Cable],,,
38535,Rogue Stormers,$4.99,$10.19,$6.23
40285,Rogue Trooper Redux,$7.36,$9.47,$10.46
66761,Roman Rumble In Las Vegum,$9.25,$17.00,$12.89
35577,Rugby 15,$5.54,$8.03,$6.25
40320,Rugby 18,$3.97,$7.98,$6.78
40384,Rush: Disney Pixar Adventure,$14.68,$24.98,$14.75
1935119,Rust: Console Edition,$24.15,$39.00,$29.79
4723345,Ryan's Rescue Squad,$12.07,$16.75,$14.00
7491573,Ryse Son Of Rome [Greatest Hits],,,
1563507,Ryse: Son of Rome [Day One Edition],$4.92,$17.95,$6.28
4247930,SCUF Forza 7 Elite [Collector's Edition],$370.00,$724.00,$556.92
72018,Saints Row: The Third [Remastered],$8.68,$15.89,$12.17
2290619,Samurai Warriors 5,$20.00,$26.91,$21.99
50221,Scribblenauts Mega Pack,$5.93,$7.47,$6.84
45115,Scribblenauts Showdown,$4.87,$7.27,$5.51
2223718,Sea Of Thieves [Anniversary Edition],$12.93,$24.12,$13.48
5204539,Sea of Thieves Seagate Hard Drive,$176.88,"$1,097.56",$523.86
36499,Sebastien Loeb Rally Evo,$5.99,$11.96,$6.39
46494,Sega Genesis Classics,$14.99,$24.73,$16.95
58066,Sekiro: Shadows Die Twice [Collector's Edition],$126.50,$299.99,$214.28
38405,Shadow Tactics Blades of the Shogun,$7.57,$13.49,$11.50
50211,Shadow of the Tomb Raider [Croft Steelbook Edition],$13.00,$24.10,$17.34
68884,Shadow of the Tomb Raider [Definitive Edition],$13.45,$39.09,$19.94
50208,Shadow of the Tomb Raider [Limited Steelbook Edition],$11.99,$26.24,$13.49
66897,Shadow of the Tomb Raider [Ultimate Edition],$242.17,$350.00,$269.49
50142,Shadows Awakening,$9.98,$17.29,$12.98
35312,Shape Up,$8.06,$15.17,$8.88
46959,Shaq Fu: A Legend Reborn,$5.99,$7.94,$7.75
37748,Sherlock Holmes: The Devil's Daughter,$16.17,$42.94,$18.80
47049,Shining Resonance Refrain,$8.99,$19.00,$14.99
47083,Shining Resonance Refrain: Draconic Launch Edition,$26.69,$39.21,$28.01
5205576,Sifu: Vengeance Edition,,$67.49,
66986,Sims 4 Bundle: Island Living,$6.20,$8.68,$16.50
2529493,Skate 3,$8.97,$13.27,$9.47
7268101,Skate 3 [Greatest Hits],$6.92,$15.00,$11.46
105326,Skater XL,$8.13,$11.34,$9.29
117484,Skully,$10.88,$15.29,$12.52
6635582,Skylanders Imaginators [Portal Owners Pack],,$119.95,
37009,Skylanders Imaginators: Starter Pack,$16.97,$109.98,$60.47
35991,Skylanders SuperChargers Starter Pack,$14.95,$87.09,$55.00
35993,Skylanders SuperChargers: Dark Edition Starter Pack,$87.99,$150.00,$94.78
2549614,Skylanders Superchargers,$10.44,$21.66,$11.63
2549616,Skylanders Swap Force,$40.00,$59.99,$43.13
35129,Skylanders Trap Team Dark Edition: Starter Pack,$84.22,$178.20,$127.29
4442236,Sleeping Dogs: Definitive Edition [Artbook Edition],,,
50139,Slime Rancher,$11.09,$21.43,$12.02
222500,Slime Rancher [Deluxe Edition],$16.46,$25.53,$18.23
39602,Sniper Elite 4 [Limited Edition],$17.30,$25.00,$19.48
34966,Sniper Elite III [Collector's Edition],$24.49,$37.60,$26.92
35602,Sniper Elite III [Ultimate Edition],$11.00,$31.89,$12.99
58394,Sniper Elite V2 Remastered,$41.25,$85.00,$65.00
37428,Sniper Ghost Warrior 3,$9.49,$17.95,$9.53
241966,Sniper Ghost Warrior [Unlimited Edition],$15.58,$24.99,$19.50
66574,Sniper Ghost Warrior: Contracts,$9.78,$13.98,$10.83
2070591,Sniper: Ghost Warrior Contracts 2,$14.99,$28.00,$21.89
36227,Snoopy's Grand Adventure,$8.49,$24.49,$8.50
71019,SnowRunner,$18.46,$25.99,$19.99
4486451,Song Of The Deep [Collector's Edition],$11.03,$35.40,$15.00
37256,Song of the Deep,$8.68,$24.95,$8.98
2669414,Sonic & All-Stars Racing Transformed,$9.27,$12.98,$12.43
2392891,Sonic Colors Ultimate [Launch Edition],$18.03,$26.33,$20.74
40443,Sonic Forces Bonus Edition,$9.64,$17.96,$11.50
2267185,Sonic Mania,$8.75,$12.63,$9.17
3383346,Sonic Mania Plus [Artbook Edition],$16.63,$22.99,$19.39
52657,Soul Calibur VI [Collector's Edition],$48.84,$66.56,$58.45
52656,Soul Calibur VI [Deluxe Edition],$30.00,$63.59,$40.12
7491342,South Park The Stick Of Truth [Greatest Hits],,,
40295,South Park: The Fractured But Whole Coon Bundle,$35.00,$52.00,$40.00
40293,South Park: The Fractured But Whole [Gold Edition],$20.00,$33.98,$23.01
45056,South Park: The Stick of Truth,$14.75,$13.50,$16.99
52127,Space Hulk Tactics,$7.71,$14.97,$9.41
1813093,Spacebase Startopia,$6.49,$23.23,$7.46
66502,Sparklite,$14.02,$7.12,$15.93
54359,Spike Volleyball,$19.95,$29.96,$22.94
2121629,Spirit: Lucky's Big Adventure,$11.99,$15.60,$12.00
7491343,Splinter Cell Blacklist [Greatest Hits],,,
78385,SpongeBob SquarePants Battle for Bikini Bottom Rehydrated [Fun Edition],$72.04,$79.95,$100.00
78386,SpongeBob SquarePants Battle for Bikini Bottom Rehydrated [Shiny Edition],$26.69,$65.00,$49.95
78341,Spongebob Squarepants Battle for Bikini Bottom: Rehydrated,$10.84,$16.99,$10.95
4689388,Spongebob Squarepants: The Cosmic Shake,$14.99,$18.26,$17.65
4689392,Spongebob Squarepants: The Cosmic Shake [BFF Edition],$52.38,$99.99,$76.92
53832,Spyro Reignited Trilogy & Crash Bandicoot N Sane Trilogy,$21.02,$45.00,$36.00
7549843,Star Wars Battlefront II [Greatest Hits],$11.30,$18.00,$12.99
65565,Star Wars Jedi: Fallen Order [Deluxe Edition],$7.50,$40.00,$11.48
7376791,Star Wars Jedi: Survivor,$38.44,$53.82,$41.40
4557427,Star Wars: Squadrons Wireless Controller and Pro Charging Stand Bundle,$89.13,$133.00,$102.50
416299,Starlink: Battle for Atlas,$2.77,$6.35,$4.93
46433,State of Decay 2 Ultimate Edition,$14.96,$72.34,$15.99
37151,Steep Gold Edition,$7.50,$21.48,$7.99
40573,Steep Winter Games Edition,$5.00,$8.40,$5.72
1918237,Stellaris [Console Edition],$10.32,$31.00,$23.50
40542,Stereo Headset Adapter,$16.28,$17.99,$21.99
45076,Stern Pinball Arcade,$24.99,$31.78,$26.53
866830,Steven Universe: Save The Light & OK KO Let's Play Heroes,$13.64,$19.29,$14.64
2708624,Story of Seasons: Friends of Mineral Town,$12.99,$20.00,$15.51
65647,Stranded Sails: Explorers of the Cursed Islands,$13.49,$24.99,$14.95
50094,Strange Brigade,$10.56,$15.00,$11.99
50095,Strange Brigade [Collector's Edition],$30.00,$100.00,$63.20
2573487,Street Outlaws 2: Winner Takes All,$13.27,$12.50,$19.95
141518,Street Outlaws: The List,$8.32,$11.49,$9.15
593908,Street Power Soccer,$7.48,$12.99,$7.48
117337,Streets of Rage 4,$20.93,$29.58,$21.20
6948523,Stubbs The Zombie In Rebel Without A Pulse [Collector's Edition],$107.14,$150.00,$115.38
2738682,Stubbs the Zombie in Rebel Without a Pulse,$19.71,$29.76,$19.71
37328,Styx: Shards of Darkness,$6.05,$9.99,$7.11
53844,Subnautica,$14.97,$19.94,$15.99
47008,Sudden Strike 4 European Battlefields Edition,$7.99,$20.91,$12.59
65553,Sudden Strike 4 [Complete Collection],$12.18,$24.97,$12.56
7376900,Sunset Overdrive [Greatest Hits],,,
46983,Super Bomberman R,$6.31,$15.83,$8.70
37090,Super Dungeon Bros,$5.75,$8.56,$7.52
65522,Super Monkey Ball: Banana Blitz HD,$6.35,$10.99,$7.81
3741931,Super Monkey Ball: Banana Mania,$8.01,$8.95,$11.08
45119,Surviving Mars,$9.67,$20.00,$11.10
3256741,Surviving the Aftermath,$8.70,$20.60,$9.99
90992,Sword Art Online: Alicization Lycoris,$9.12,$7.50,$10.49
45087,Sword Art Online: Fatal Bullet,$7.70,$18.88,$10.02
45088,Sword Art Online: Fatal Bullet [Phantom Edition],$181.43,$254.00,$195.38
45116,TT Isle of Man,$14.99,$26.99,$19.99
36589,Tales From the Borderlands,$7.27,$14.25,$10.00
6770056,Tales Of Symphonia Remastered [Chosen Edition],$17.71,$24.79,$19.07
4768524,Tales of Symphonia Remastered,$18.56,$25.99,$21.19
53955,Tales of Vesperia Definitive Edition,$7.98,$12.95,$9.98
58150,Tales of Vesperia Definitive Edition [Anniversary Bundle],$178.57,$250.00,$192.31
58440,Team Sonic Racing,$9.99,$14.39,$10.82
36696,Technomancer,$5.50,$9.37,$6.91
3831284,Teenage Mutant Ninja Turtles: Shredder's Revenge,$24.99,$25.99,$31.99
6179783,Teenage Mutant Ninja Turtles: Shredder's Revenge [Anniversary Classic Edition],,,
3831288,Teenage Mutant Ninja Turtles: Shredder's Revenge [Radical Edition],$165.18,$231.25,$177.88
37717,Tekken 7 [Collector's Edition],$85.73,$121.00,$97.78
5108693,Tekken 7 [Day One Edition],$9.86,$24.06,$13.06
47073,Tempest 4000,$9.44,$12.44,$9.97
46446,Tennis World Tour,$9.00,$13.49,$10.22
1935095,Tennis World Tour 2,$19.73,$34.23,$26.40
58553,Tennis World Tour: Roland Garros Edition,$12.86,$18.00,$14.04
7549842,Terraria [Greatest Hits],$7.83,$12.00,$9.00
3620874,Terraria [Special Edition],$14.95,$33.37,$27.50
2392948,The Addams Family: Mansion Mayhem,$13.99,$21.74,$14.99
161417,The Bard's Tale IV Director's Cut,$11.42,$23.23,$13.99
36010,The Book of Unwritten Tales 2,$5.99,$8.39,$7.48
5923634,The Callisto Protocol,$10.99,$13.82,$12.31
4400549,The Callisto Protocol [Collector's Edition],$93.49,$118.74,$117.50
4400544,The Callisto Protocol [Day One Edition],$13.99,$14.99,$15.00
54049,The Council,$9.22,$22.19,$9.99
47024,The Crew 2 [Deluxe Edition],$11.97,$50.02,$31.62
47006,The Crew 2 [Gold Edition],$19.97,$44.88,$19.99
5807312,The Crew Motorfest,$21.89,$34.84,$22.22
5807315,The Crew Motorfest [Limited Edition],$43.91,$59.99,$51.70
5807313,The Crew Motorfest [Special Edition],$50.00,$70.00,$53.85
7491356,The Crew Wild Run Edition [Greatest Hits],,,
7376843,The Crew [Greatest Hits],,,
37142,The Crew [Ultimate Edition],$6.81,$17.95,$8.49
37746,The Dwarves,$6.62,$13.48,$8.32
2070797,The Elder Scrolls Online: Blackwood Collection,$29.99,$60.88,$43.49
593909,The Escapists + The Escapists 2,$12.99,$28.18,$19.99
38635,The Escapists 2,$6.99,$19.30,$11.62
6114881,The Eternal Cylinder,$14.99,$22.78,$15.00
7268105,The Evil Within [Greatest Hits],,,
155290,The Fisherman: Fishing Planet,$8.95,$19.39,$17.16
2451438,The Forgotten City,$18.57,$26.00,$20.00
52169,The Hunter: Call of the Wild 2019,$35.61,$54.93,$40.96
40333,The Inner World: The Last Wind Monk,$6.45,$9.64,$7.42
4135692,The Jackbox Party Pack 7,$8.79,$13.01,$8.95
2070598,The Last Kids on Earth and the Staff of Doom,$12.48,$21.14,$13.44
50137,The Long Dark,$35.00,$49.99,$42.82
55794,The Occupation,$8.92,$13.42,$8.99
200124,The Persistence,$13.58,$24.98,$15.79
40553,The Pillars of the Earth,$5.83,$7.51,$5.94
45131,The Raven Remastered,$6.84,$9.18,$7.79
805877,The Sims 4 & Star Wars Bundle,$3.44,$4.78,$7.77
58341,The Sims 4 Plus Cats and Dogs,$8.91,$13.99,$9.25
643925,The Sims 4 Plus Eco Lifestyle Bundle,$6.40,$13.97,$7.37
40501,The Sims 4 [Deluxe Party Edition],$5.88,$10.80,$5.99
2839812,The Smurfs Mission Vileaf [Smurtastic Edition],$31.26,$39.95,
416320,The Sojourn,$13.47,$19.99,$15.14
37577,The Surge,$6.96,$8.99,$8.68
63773,The Surge 2,$7.73,$11.59,$7.99
63774,The Surge 2 [Limited Edition],$10.76,$19.99,$12.00
416319,The Survivalists,$10.80,$11.08,$11.47
40577,The Walking Dead Collection,$14.80,$25.64,$15.25
4200339,The Walking Dead Season One,$4.35,$7.00,$5.00
58041,The Walking Dead: Final Season,$12.50,$22.49,$13.49
67771,The Walking Dead: The Telltale Definitive Series,$17.92,$22.94,$17.95
6782530,Thief [Steelbook Edition],$15.63,$23.00,$17.97
39650,This is the Police,$6.71,$10.72,$7.79
50756,This is the Police II,$3.98,$8.95,$8.82
4134828,Time on Frog Island,$13.95,$20.55,
593911,Tin and Kuna,$11.99,$22.85,$13.98
45191,Titan Quest,$6.95,$10.97,$7.54
45193,Titan Quest Collector's Edition,$44.99,$67.64,$46.69
37075,Titanfall 2 [Collector's Edition],$535.29,$774.00,$595.38
37073,Titanfall 2 [Deluxe Edition],$6.67,$24.91,$9.36
2245523,Tokyo 2020 Olympic Games,$6.93,$13.30,$9.95
7376844,Tom Clancy's - The Division [Greatest Hits],,,
55838,Tom Clancy's The Division 2 [Gold Edition],$6.58,$25.72,$12.97
55837,Tom Clancy's The Division 2 [Ultimate Edition],$7.99,$24.15,$16.57
36480,Tom Clancy's The Division [Collector's Edition],$149.99,$277.50,$175.38
36477,Tom Clancy's The Division [Gold Edition],$5.95,$30.82,$7.58
4442235,Tomb Raider: Definitive Edition [Artbook Edition],,,
155162,Tony Hawk's Pro Skater 1 and 2 [Collector's Edition],$49.41,$65.31,$60.00
200148,Tony Stewart's All American Racing 2 Game Bundle,$9.84,$14.00,$10.39
6665676,Top Spin 2K25,$32.07,$47.99,$36.92
37286,Torment: Tides Of Numenera,$9.29,$13.01,$9.59
59740,Tour de France Season 2019,$10.00,$14.00,$11.01
40257,Town of Light,$11.99,$17.01,$13.81
35861,Toy Soldiers War Chest Hall of Fame Edition,$5.91,$13.99,$8.98
36501,TrackMania Turbo,$7.22,$17.88,$8.25
47094,Train Sim World,$11.65,$21.51,$15.80
2381286,Train Sim World 2 [Collector's Edition],$17.19,$25.00,$19.99
593913,Train Sim World 2020,$14.43,$47.28,$20.34
161937,Transformers: Battlegrounds,$8.46,$9.95,$9.36
54991,Trials Rising [Gold Edition],$4.97,$7.35,$7.81
85214,Trine Ultimate Collection,$15.00,$34.97,$17.99
37350,Troll and I,$5.06,$6.75,$5.35
156473,Trollhunters: Defenders of Arcadia,$6.92,$10.04,$8.93
37735,Tropico 5 [Complete Collection],$10.56,$20.13,$10.62
36635,Tropico 5 [Penultimate Edition],$1.11,$9.99,$6.05
63937,Tropico 6,$7.10,$16.10,$8.24
2252802,Truck Driver,$24.99,$30.28,$25.74
90931,Truck Racing Championship,$11.11,$19.00,$14.39
4628583,Turtle Beach Wired Recon Chat Headset,,,
68866,Two Point Hospital,$9.98,$16.50,$11.79
2736750,Ty the Tasmanian Tiger HD,$15.75,$19.99,$18.12
36507,UFC 2 Deluxe Edition,$9.58,$63.98,$10.00
44957,UFC 3 Champions Edition,$7.00,$31.57,$9.22
7549841,UFC 3 [Greatest Hits],,,
141510,UFC 4,$9.90,$14.60,$11.95
58288,Ugly Dolls,$5.10,$11.00,$8.22
2728499,Undernauts: Labyrinth of Yomi,$21.00,$36.41,$24.95
5827657,Undertale,$29.95,$57.48,$39.33
5834319,Undertale [Collector's Edition],,,
593915,Unicorn Princess,$18.24,$32.62,$19.50
72406,Unravel Yarny Bundle,$11.97,$18.12,$12.46
6643351,Unravel [Collector’s Edition With Handmade Figurine],,,
50197,V-Rally 4,$9.49,$28.92,$14.23
58170,Valentino Rossi,$8.54,$12.29,$8.95
37427,Valhalla Hills,$3.68,$7.48,$7.12
50768,Valkyria Chronicles 4,$7.50,$14.02,$10.99
50771,Valkyria Chronicles 4 [Memoirs From Battle Edition],$44.96,$65.00,$50.00
38584,Valkyria Revolution: Vanargand Edition,$6.44,$21.90,$10.29
4369779,VelocityOne Flight Universal Control System,$271.13,$301.32,$274.16
38621,Victor Vran Overkill Edition,$7.50,$12.47,$8.12
37358,Vikings: Wolves of Midgard,$9.74,$17.99,$11.99
6339853,Voyage of the Dead,$67.84,$94.98,$73.06
2392935,WRC 10,$21.56,$34.99,$24.99
36300,WRC 5,$7.49,$12.00,$7.99
37303,WRC 6,$5.94,$15.85,$8.61
39969,WRC 7,$7.48,$17.38,$12.80
72823,WRC 8,$15.99,$42.00,$32.50
1935116,WRC 9,$21.99,$30.79,$24.97
156145,WWE 2K Battlegrounds,$6.75,$9.69,$7.39
35374,WWE 2K15: Hulkamania Edition,$77.00,$249.00,$143.95
37037,WWE 2K17 NXT Edition,$10.98,$87.99,$36.07
40271,WWE 2K18 Cena Edition,$48.94,$76.14,$50.00
40269,WWE 2K18 Deluxe Edition,$8.88,$55.86,$10.75
52126,WWE 2K19 [Deluxe Edition],$13.67,$49.79,$14.99
150627,WWE 2K19 [Woooo Edition],$144.67,$253.13,$159.95
65276,WWE 2K20 [20th Anniversary Edition],$33.54,$48.50,$37.31
65275,WWE 2K20 [Deluxe Edition],$12.49,$41.99,$12.73
3264337,WWE 2K22,$10.10,$14.59,$10.49
3264904,WWE 2K22 [Deluxe Edition],$17.99,$37.54,$19.19
4895443,WWE 2K23,$14.99,$18.42,$14.99
6402482,WWE 2K24,$26.49,$50.00,$38.57
50090,"Warhammer 40,000: Inquisitor Martyr",$8.97,$18.99,$14.59
593918,Warhammer 40000 Mechanicus,$26.75,$37.45,$28.81
58609,Warhammer: Chaosbane,$9.15,$17.19,$9.50
59544,Warhammer: Vermintide II [Deluxe Edition],$14.99,$21.48,$15.34
35023,Warriors Orochi 3: Ultimate,$13.49,$26.99,$14.48
52155,Warriors Orochi 4,$9.95,$15.28,$11.50
69321,Warriors Orochi 4 Ultimate,$19.99,$39.26,$23.17
36118,Wasteland 2: Director's Cut,$5.96,$14.99,$6.08
152950,Wasteland 3,$8.68,$15.97,$10.78
37118,Watch Dogs 2 [Deluxe Edition],$7.45,$15.99,$9.99
37121,Watch Dogs 2 [Gold Edition],$8.00,$34.97,$8.95
7376850,Watch Dogs 2 [Greatest Hits],$13.89,$19.45,$14.96
98595,Watch Dogs [Target Edition],$3.46,$5.00,$3.99
4134161,Watch Dogs [Walmart Edition],$6.23,$8.00,$6.48
34917,Watch Dogs: Limited Edition,$30.71,$70.05,$37.95
49643,We Happy Few [Deluxe Edition],$8.84,$15.59,$11.72
37134,We Sing,$15.61,$15.61,$17.95
3175961,We Sing Pop,$15.09,$60.00,$45.93
1200106,Werewolf: The Apocalypse Earthblood,$12.99,$19.00,$14.29
1708947,Who Wants to Be A Millionaire,$17.70,$28.87,$19.99
2594435,Wired Camo Xbox One Controller,$14.99,$26.26,$18.72
36799,Witcher 3: Wild Hunt [Complete Edition],$8.84,$22.50,$9.99
71764,Witcher 3: Wild Hunt [Game of the Year Edition],$11.01,$21.73,$12.79
35283,Wolf Among Us,$8.42,$13.96,$9.87
593920,Wolfenstein Alt History Collection,$24.99,$46.47,$24.99
40366,Wolfenstein II: The New Colossus [Collector's Edition],$22.01,$47.93,$32.65
7268099,Wolfenstein The New Order [Greatest Hits],,,
62429,Wolfenstein Youngblood,$6.25,$10.15,$8.57
62430,Wolfenstein Youngblood [Deluxe Edition],$7.05,$9.99,$8.44
2594466,World War Z Aftermath,$12.49,$14.42,$15.02
68564,World of Warships Legends [Firepower Deluxe Edition],$6.26,$12.00,$7.20
38536,World to the West,$5.48,$7.67,$5.64
90971,Worms Battleground & Worms W.M.D,$15.99,$24.79,$18.99
36769,Worms W.M.D All Stars,$6.95,$9.73,$6.99
63138,Wreckfest [Deluxe Edition],$17.12,$36.00,$27.86
36959,XCOM 2,$3.07,$8.65,$4.65
58543,XCOM 2 Collection,$7.99,$9.99,$8.40
200258,XIII,$11.27,$22.00,$16.99
200260,XIII [Limited Edition],$19.71,$24.71,$27.67
596258,Xbox Adaptive Controller,$42.17,$58.20,$49.18
5428260,Xbox Joule,,,
6239638,Xbox One 500 GB Black Console  [Assassin's Creed Bundle],,,
5530176,Xbox One 500 GB [Gears of War Ultimate Edition Bundle],$212.25,$307.00,$235.99
4135446,Xbox One 500GB Minecraft Bundle,$189.95,$220.00,$239.99
71589,Xbox One Armed Forces 2 Controller,$18.35,$59.25,$31.00
35762,Xbox One Black Wireless Controller + Play and Charge Kit,$44.29,$62.00,$47.66
37206,Xbox One Console - Deep Blue,$114.72,$362.50,$142.44
37205,Xbox One Console - Quantum Break Limited Edition,$260.87,$390.00,$300.00
7048679,Xbox One Energizer Charger,,,
2157944,Xbox One Fallout 4 Vault Boy Wired Controller,$23.48,$156.00,$120.00
6795391,Xbox One Forza Horizon 5: Hot Wheels Console Bundle,,,
71817,Xbox One Gears 5 Kait Diaz Wireless Controller,$42.22,$82.00,$52.48
6240521,Xbox One Interactive Store Kiosk,,,
2158368,Xbox One Media Remote,$26.99,$50.00,$34.99
72301,Xbox One Night Ops Camo Controller,$24.25,$68.39,$34.99
70419,Xbox One PUBG Edition Controller,$34.78,$79.84,$39.99
71031,Xbox One Phantom Magenta Wireless Controller,$40.00,$80.00,$72.38
68704,Xbox One Phantom White Wireless Controller,$37.75,$75.20,$44.39
34564,Xbox One Play and Charge Kit,$15.25,$25.07,$16.99
5221495,Xbox One S 1 TB Console [Anthem Legion of Dawn Bundle],$212.08,$296.91,$228.39
7307283,Xbox One S 1TB Console [Star Wars Jedi: Fallen Order Deluxe Bundle],,,
7224946,Xbox One S 1TB White Console [Minecraft Bundle],$150.00,$210.00,$161.54
4135445,Xbox One S 500GB Forza Horizon 3 Hot Wheels Bundle,$124.94,$291.46,$143.68
5132895,Xbox One S 500GB Gears of Wars Halo 5 Bundle,,,
3671321,Xbox One S Vertical Stand,$11.17,$19.00,$14.99
6484402,Xbox One S XDK Development Kit,"$1,999.00","$2,798.60","$2,298.85"
37208,Xbox One S [Storm Gray],$72.99,$206.00,$189.03
5221442,Xbox One Special Edition [Halo The Master Chief Collection 500GB Bundle],$246.38,$455.00,$349.99
4894422,Xbox One Sunset Overdrive Bundle,$194.99,$952.97,$209.99
5551259,Xbox One Titanfall 2 Wired Controller,,,
36709,Xbox One Wired Headset,$11.88,$13.26,$17.99
72008,Xbox One Wireless Controller [Cyberpunk 2077 Limited Edition],$47.78,$80.13,$50.36
1078722,Xbox One Wireless Controller [The Mandalorian Limited Edition],,,
59671,Xbox One X - Gold Rush Limited Edition,$220.00,$329.00,$253.00
70946,Xbox One X - NBA 2K20 Limited Edition,$250.00,$399.00,$306.92
3233469,Xbox One X 1TB Console Gold Rush Special Edition,$211.24,$295.74,$242.93
4206022,Xbox One X 1TB NBA 2K20 Special Edition Console,$241.99,$399.99,$292.99
6948826,Xbox One X 1TB [Battlefield V Deluxe Edition],$200.00,$299.00,$230.00
3188416,Xbox One XDK Development Kit,$799.50,"$1,550.00","$1,055.87"
4727400,Xbox One with Kinect [Day One Edition],$391.60,$772.23,$595.78
72082,Xbox Wireless Controller [Phantom Black Special Edition],$21.00,$80.76,$37.97
957746,Xenon Racer,$18.43,$35.00,$24.97
2573540,Xuan Yuan Sword 7,$9.95,$24.01,$17.15
46999,Yoku's Island Express,$8.65,$13.00,$9.63
37391,Yooka-Laylee,$7.87,$14.43,$7.98
65159,Yooka-Laylee and the Impossible Lair,$15.02,$37.99,$16.95
4024098,Youtubers Life 2,$9.57,$17.76,$11.01
67878,Zombie Army 4: Dead War,$24.49,$35.05,$24.79
6401607,Zombie Army 4: Dead War [Collector's Edition],$400.27,$579.00,$445.00
66770,Zombieland Double Tap Roadtrip,$7.04,$10.91,$8.10
40385,Zoo Tycoon: Ultimate Animal Collection,$6.54,$16.55,$10.00
34607,Zumba Fitness World Party,$6.99,$16.47,$9.95
156140,eFootball PES 2020,$11.43,$16.00,$12.55
156142,eFootball PES 2021,$24.00,$43.46,$27.63
2932696,Rock Band 4 Plus Rivals Expansion,$18.81,$39.55,$20.14
5122144,PDP Xbox One Wired Controller [Phantasm Red],$18.81,$29.00,$21.99
2515652,Agatha Christie: Hercule Poirot - The First Cases,$13.86,$16.90,$15.31
3831282,Teenage Mutant Ninja Turtles: Shredder's Revenge [Classic Edition],$70.91,$89.00,$89.99
4894919,PowerA Charging Station for Xbox One [White],,$25.49,
6385856,PowerA Enhanced Wired Controller [Matte Black],$10.89,$30.12,$12.52
2560426,Xbox One 1TB Console - 3 Games Holiday Bundle,$277.10,$399.99,$307.68
6167082,Hauppauge Digital TV Tuner Antenna,$20.00,$28.00,$23.00
1563522,Microsoft Kinect Adapter,$23.76,$32.84,$38.24
2615755,Xbox One Chatpad,$67.59,$156.49,$92.34
1078721,Xbox One Wireless Controller [Arctic Camo Special Edition],$28.95,$64.99,$39.50
1078726,Xbox One Wireless Controller [Midnight Forces II],$30.00,$55.50,$35.00
1078724,Xbox One Wireless Controller [Sport Blue],$26.61,$77.91,$31.20
1078725,Xbox One Wireless Controller [Sport White],$24.99,$49.40,$44.63
7719067,HORI Real Arcade Pro V Hayabusa,,,
7555061,Xbox Wired Gaming Stereo Headset,$59.00,$71.00,
2183148,Xbox One S [PUBG Bundle],$213.20,$570.00,
1708978,Monster Truck Championship,$15.66,$24.93,$19.41
2987097,Plants vs. Zombies: Garden Warfare 2 [Festive Edition],,,
5222782,Thrustmaster Ferrari 458 Spider Racing Wheel,$40.00,$71.00,$50.43
6397730,Rock Candy Wired Controller [Lala Lime],$69.99,$89.99,
2931359,Assassin's Creed IV: Black Flag [Greatest Hits],$17.99,$25.00,$19.43
6518462,Commando 2 HD Remaster & Commando 3 HD Remaster,$25.90,$27.95,
6582907,Commandos 2 & 3 HD Remaster Double Pack,$21.69,$30.37,$23.36
3169018,Xbox One 500GB Console with Kinect and Forza Motorsport 5,$237.22,,
5287171,Loop8: Summer of Gods [Celestial Edition],$39.04,$74.49,$57.30
4780624,Logitech G920 Driving Force,$121.25,$185.12,$139.88
2183066,HORIPAD Pro,,$49.97,
72791,Xbox One Controller [Jedi Fallen Order Limited Edition],$122.50,$204.99,$129.53
2157943,Xbox Elite Wireless Controller [White Special Edition],$114.99,$160.99,$132.24
5107870,Grim Fandango Remastered,$36.00,$57.10,$36.15
6329383,Castlevania Advance Collection,$41.77,$50.81,$54.99
7751820,Turok,,,
7751821,Turok 2: Seeds Of Evil,,,
7751822,Turok 3: Shadow Of Oblivion,,,
4917239,Hyperkin Duke Wired Controller [Red],$45.99,$64.39,$52.89
6390354,Xbox One Stereo Headset,$10.92,$24.30,$14.99
4891365,Hunt: Showdown [Limited Bounty Hunter Edition],$13.99,$19.95,$14.97
1394387,Maid of Sker,$23.65,$33.71,$24.08
2529513,Xbox One Shock Blue Controller,$21.45,$29.99,$24.63
3812412,Seagate Game Drive For Xbox [2TB],,,
3564074,Seagate Game Drive for Xbox 4TB,$161.99,$219.44,
37831,Elite Dangerous Legendary Edition,$20.28,$57.14,$23.48
36154,Just Dance 2016,$5.33,$9.99,$6.60
4928997,Starlink : Battle for Atlas Controller Mount,$5.49,$4.98,
45764,Xbox One Minecraft Pig Wireless Controller,$55.72,$123.83,$94.45
2392928,Tails of Iron [Crimson Knight Edition],$8.40,$17.03,$12.16
4695232,Playerunknown's Battlegrounds [Game Preview Edition],$5.15,$5.99,$6.91
1384427,HORI Real Arcade Pro SoulCalibur VI Arcade Fight Stick,$143.90,$215.00,$165.43
4695245,Rage 2 [GameStop Wingstick Edition],$16.36,$20.00,$19.99
